//CODE_COUNTRY;CODE_PLOT;CODE_PROFILE;DATE_DESCRIPTION;LATITUDE;LONGITUDE;ELEVATION;CODE_ELEVATION;WRB_GROUP;WRB_QUALIFIER_1;WRB_SPECIFIER_1;WRB_QUALIFIER_2;WRB_SPECIFIER_2;WRB_QUALIFIER_3;WRB_SPECIFIER_3;WRB_QUALIFIER_4;WRB_SPECIFIER_4;WRB_QUALIFIER_5;WRB_SPECIFIER_5;WRB_QUALIFIER_6;WRB_SPECIFIER_6;DIAGNOSTIC_1;DEPTH_DIAGNOSTIC_1;DIAGNOSTIC_2;DEPTH_DIAGNOSTIC_2;DIAGNOSTIC_3;DEPTH_DIAGNOSTIC_3;DIAGNOSTIC_4;DEPTH_DIAGNOSTIC_4;DIAGNOSTIC_5;DEPTH_DIAGNOSTIC_5;DIAGNOSTIC_6;DEPTH_DIAGNOSTIC_6;DIAGNOSTIC_7;DEPTH_DIAGNOSTIC_7;DIAGNOSTIC_8;DEPTH_DIAGNOSTIC_8;DIAGNOSTIC_9;DEPTH_DIAGNOSTIC_9;DIAGNOSTIC_10;DEPTH_DIAGNOSTIC_10;Use;PARENT_MATERIAL_CODE;HGWL;LGWL;TWT;ROOT;ROCK;OBSTACLE;OBSERVATION
15;18;1;30.9.2006;+59.54.00;+23.17.00;10;1;AR;ng;;;;;;;;;;;;pgl;80;prd;80;;;;;;;;;;;;;;;;;53;6200;2;2;2;60;101;101;60 cm to groundwater
15;23;1;30.9.2006;+59.55.00;+23.34.00;30;1;LP;nt;;;;;;;;;;;;ple;0;;;;;;;;;;;;;;;;;;;53;3100;0;0;0;0;0;0;bare bedrock
15;59;1;30.9.2006;+60.03.00;+23.34.00;40;1;LP;ha;;;;;;;;;;;;ple;10;;;;;;;;;;;;;;;;;;;53;6200;0;0;0;10;10;10;10 cm to bedrock
15;65;1;30.9.2006;+60.04.00;+23.51.00;40;1;AR;ha;;;;;;;;;;;;hfo;-12;;;;;;;;;;;;;;;;;;;53;6200;0;0;0;80;101;101;no
15;71;1;30.9.2006;+60.04.00;+24.25.00;40;1;PZ;rs;;le;;;;;;;;;;hsd;5;ple;60;;;;;;;;;;;;;;;;;53;6200;0;0;0;60;60;60;60 cm to bedrock
15;104;1;30.9.2006;+60.11.00;+22.58.00;50;1;LP;hk;;;;;;;;;;;;hfo;-12;;;;;;;;;;;;;;;;;;;53;6110;0;0;0;40;40;40;40 cm to bedrock
15;117;1;30.9.2006;+60.12.00;+24.07.00;50;1;CM;le;;;;;;;;;;;;hcm;10;ple;90;;;;;;;;;;;;;;;;;53;5220;0;0;0;80;90;90;90 cm to bedrock
15;163;1;30.9.2006;+60.19.00;+22.40.00;20;1;CM;ha;;;;;;;;;;;;hcm;10;;;;;;;;;;;;;;;;;;;53;5220;0;0;0;60;101;101;no
15;165;1;30.9.2006;+60.19.00;+22.57.00;40;1;PZ;rs;;le;;;;;;;;;;hsd;7;ple;60;;;;;;;;;;;;;;;;;53;6110;0;0;0;70;60;60;60 cm to bedrock
15;169;1;30.9.2006;+60.20.00;+23.14.00;50;1;PZ;le;;;;;;;;;;;;hsd;5;ple;30;;;;;;;;;;;;;;;;;53;6200;0;0;0;30;30;30;30 cm to bedrock
15;172;1;30.9.2006;+60.20.00;+23.32.00;90;2;PZ;rs;;;;;;;;;;;;hsd;3;;;;;;;;;;;;;;;;;;;53;6200;0;0;0;70;101;101;no
15;176;1;30.9.2006;+60.21.00;+23.49.00;80;2;LP;nt;;;;;;;;;;;;ple;0;;;;;;;;;;;;;;;;;;;53;3100;0;0;0;0;0;0;bare bedrock
15;180;1;30.9.2006;+60.21.00;+24.06.00;50;1;CM;ha;;;;;;;;;;;;hcm;5;;;;;;;;;;;;;;;;;;;53;5220;0;0;0;70;101;101;no
15;187;1;30.9.2006;+60.22.00;+24.24.00;100;2;PZ;rs;;le;;;;;;;;;;hsd;6;ple;60;;;;;;;;;;;;;;;;;53;6200;0;0;0;60;60;60;60 cm to bedrock
15;188;1;30.9.2006;+60.22.00;+24.41.00;50;1;CM;ha;;;;;;;;;;;;hcm;10;;;;;;;;;;;;;;;;;;;53;5220;0;0;0;70;101;101;no
15;198;1;30.9.2006;+60.23.00;+25.16.00;40;1;CM;ha;;;;;;;;;;;;hcm;15;;;;;;;;;;;;;;;;;;;53;6110;0;0;0;70;101;101;no
15;200;1;30.9.2006;+60.22.00;+25.33.00;40;1;PZ;cb;;;;;;;;;;;;hhi;-16;hsd;30;;;;;;;;;;;;;;;;;53;6110;2;2;2;40;101;101;70 cm to groundwater
15;204;1;30.9.2006;+60.23.00;+25.51.00;30;1;RG;ha;;sk;;;;;;;;;;;;;;;;;;;;;;;;;;;;;;53;6200;0;0;0;70;101;101;no
15;211;1;30.9.2006;+60.23.00;+26.26.00;10;1;RG;ha;;;;;;;;;;;;;;;;;;;;;;;;;;;;;;;;53;6110;0;0;0;50;101;101;no
15;239;1;30.9.2006;+60.26.00;+22.04.00;10;1;RG;ha;;sk;;;;;;;;;;;;;;;;;;;;;;;;;;;;;;53;6200;0;0;0;60;101;60;60 cm to boulder
15;246;1;30.9.2006;+60.27.00;+22.39.00;40;1;LP;ha;;;;;;;;;;;;hfo;-11;ple;10;;;;;;;;;;;;;;;;;53;6110;0;0;0;10;10;10;10 cm to bedrock
15;250;1;30.9.2006;+60.28.00;+22.56.00;80;2;PZ;rs;;le;;;;;;;;;;hsd;7;ple;40;;;;;;;;;;;;;;;;;53;6200;0;0;0;40;40;40;40 cm to bedrock
15;256;1;30.9.2006;+60.29.00;+23.48.00;100;2;PZ;cb;;;;;;;;;;;;hsd;5;;;;;;;;;;;;;;;;;;;53;6200;0;0;0;60;101;101;no
15;260;1;30.9.2006;+60.30.00;+24.06.00;100;2;CM;ha;;;;;;;;;;;;hcm;6;;;;;;;;;;;;;;;;;;;53;5220;0;0;0;60;101;101;no
15;267;1;30.9.2006;+60.31.00;+24.23.00;110;3;RG;ha;;;;;;;;;;;;;;;;;;;;;;;;;;;;;;;;53;6200;0;0;0;70;101;101;no
15;269;1;30.9.2006;+60.31.00;+24.41.00;120;3;LP;hk;;;;;;;;;;;;;;;;;;;;;;;;;;;;;;;;53;6110;0;0;0;60;101;101;no
15;272;1;30.9.2006;+60.31.00;+24.58.00;60;2;CM;ha;;;;;;;;;;;;hcm;10;;;;;;;;;;;;;;;;;;;53;6110;0;0;0;60;101;101;no
15;280;1;30.9.2006;+60.31.00;+25.33.00;50;1;CM;ha;;;;;;;;;;;;hcm;3;;;;;;;;;;;;;;;;;;;53;6110;2;2;2;50;101;70;70 cm to groundwater
15;296;1;30.9.2006;+60.32.00;+26.43.00;40;1;PZ;le;;;;;;;;;;;;hsd;3;ple;50;;;;;;;;;;;;;;;;;53;6110;0;0;0;50;50;50;50 cm to bedrock
15;304;1;30.9.2006;+60.32.00;+27.18.00;20;1;PZ;rs;;le;;;;;;;;;;hsd;15;ple;50;;;;;;;;;;;;;;;;;53;6110;0;0;0;50;50;50;50 cm to bedrock
15;308;1;30.9.2006;+60.31.00;+27.35.00;20;1;AR;br;;;;;;;;;;;;;;;;;;;;;;;;;;;;;;;;53;6110;0;0;0;70;101;101;no
15;332;1;30.9.2006;+60.37.00;+22.37.00;70;2;LP;um;;;;;;;;;;;;ple;10;hum;0;;;;;;;;;;;;;;;;;53;6110;0;0;0;10;10;10;10 cm to bedrock
15;336;1;30.9.2006;+60.37.00;+23.12.00;90;2;RG;ha;;;;;;;;;;;;;;;;;;;;;;;;;;;;;;;;53;5220;0;0;0;70;101;101;no
15;343;1;30.9.2006;+60.38.00;+23.47.00;140;3;PZ;rs;;ab;;;;;;;;;;hab;0;hsd;7;;;;;;;;;;;;;;;;;53;6200;0;0;0;70;101;101;no
15;347;1;30.9.2006;+60.38.00;+24.05.00;150;3;RG;ha;;ab;;;;;;;;;;;;;;;;;;;;;;;;;;;;;;53;6110;0;0;0;70;101;101;no
15;355;1;30.9.2006;+60.39.00;+24.40.00;130;3;CM;ha;;le;;;;;;;;;;hcm;5;ple;60;;;;;;;;;;;;;;;;;53;6110;0;0;0;60;60;60;60 cm to bedrock
15;359;1;30.9.2006;+60.39.00;+24.57.00;90;2;CM;ha;;;;;;;;;;;;hcm;15;;;;;;;;;;;;;;;;;;;53;5220;0;0;0;70;101;101;no
15;368;1;30.9.2006;+60.40.00;+25.33.00;60;2;CM;ha;;;;;;;;;;;;hcm;10;;;;;;;;;;;;;;;;;;;53;6200;0;0;0;70;101;101;no
15;372;1;30.9.2006;+60.40.00;+25.50.00;60;2;PZ;cb;;ab;;;;;;;;;;hsd;18;;;;;;;;;;;;;;;;;;;53;6200;0;0;0;60;101;101;no
15;374;1;30.9.2006;+60.40.00;+26.08.00;40;1;RG;ng;;;;;;;;;;;;pgl;80;prd;80;;;;;;;;;;;;;;;;;53;5220;0;0;0;60;101;101;no
15;386;1;30.9.2006;+60.40.00;+27.00.00;30;1;CM;ha;;;;;;;;;;;;hcm;10;;;;;;;;;;;;;;;;;;;53;5220;0;0;0;60;101;101;no
15;390;1;30.9.2006;+60.40.00;+27.18.00;60;2;LP;ha;;;;;;;;;;;;ple;20;;;;;;;;;;;;;;;;;;;53;5220;0;0;0;20;20;20;20 cm to bedrock
15;394;1;30.9.2006;+60.40.00;+27.36.00;40;1;CM;ha;;;;;;;;;;;;hcm;10;;;;;;;;;;;;;;;;;;;53;5220;0;0;0;50;101;101;no
15;398;1;30.9.2006;+60.40.00;+27.53.00;30;1;LP;hk;;;;;;;;;;;;;;;;;;;;;;;;;;;;;;;;53;5220;0;0;0;50;50;50;50 cm to softened bedrock
15;408;1;30.9.2006;+60.43.00;+21.44.00;20;1;RG;ng;;dr;;;;;;;;;;hhi;-15;pgl;70;prd;70;;;;;;;;;;;;;;;53;5220;0;0;0;60;101;101;ditched
15;418;1;30.9.2006;+60.44.00;+22.19.00;80;2;HS;fi;;dr;;;;;;;;;;;;;;;;;;;;;;;;;;;;;;53;8100;1;1;2;50;101;101;peatland, ditched
15;426;1;30.9.2006;+60.46.00;+23.11.00;100;2;PZ;cb;;ab;;;;;;;;;;hfo;-12;hsd;25;;;;;;;;;;;;;;;;;53;6200;0;0;0;50;101;101;no
15;431;1;30.9.2006;+60.46.00;+23.29.00;120;3;PZ;rs;;;;;;;;;;;;hsd;3;;;;;;;;;;;;;;;;;;;53;6200;0;0;0;70;101;101;no
15;437;1;30.9.2006;+60.48.00;+24.04.00;120;3;HS;fi;;dr;;;;;;;;;;;;;;;;;;;;;;;;;;;;;;53;8100;1;1;2;60;101;101;peatland,ditched
15;444;1;30.9.2006;+60.48.00;+24.39.00;90;2;CM;ha;;;;;;;;;;;;hcm;7;;;;;;;;;;;;;;;;;;;53;5220;0;0;0;40;101;101;no
15;450;1;30.9.2006;+60.48.00;+25.15.00;110;3;CM;ha;;;;;;;;;;;;hcm;5;;;;;;;;;;;;;;;;;;;53;6110;0;0;0;50;101;101;no
15;460;1;30.9.2006;+60.49.00;+25.50.00;90;2;PZ;rs;;le;;;;;;;;;;hsd;7;ple;60;;;;;;;;;;;;;;;;;53;6110;0;0;0;60;60;60;60 cm to bedrock
15;470;1;30.9.2006;+60.49.00;+27.00.00;90;2;PZ;rs;;;;;;;;;;;;hsd;7;;;;;;;;;;;;;;;;;;;53;6110;0;0;0;50;70;70;70 cm to softened bedrock
15;478;1;30.9.2006;+60.49.00;+27.36.00;60;2;PZ;rs;;ab;;;;;;;;;;hsd;10;;;;;;;;;;;;;;;;;;;53;6110;0;0;0;60;101;101;no
15;482;1;30.9.2006;+60.49.00;+27.53.00;60;2;PZ;rs;;le;;;;;;;;;;hsd;3;ple;30;;;;;;;;;;;;;;;;;53;6110;0;0;0;30;30;30;30 cm to bedrock
15;486;1;30.9.2006;+60.48.00;+28.11.00;30;1;CM;ha;;;;;;;;;;;;hcm;12;;;;;;;;;;;;;;;;;;;53;5220;0;0;0;50;101;101;no
15;491;1;30.9.2006;+60.50.00;+21.25.00;20;1;PZ;rs;;sk;;;;;;;;;;hsd;0;;;;;;;;;;;;;;;;;;;53;6110;0;0;0;60;101;60;60 cm to boulder
15;500;1;30.9.2006;+60.52.00;+22.00.00;50;1;HS;fi;;;;;;;;;;;;;;;;;;;;;;;;;;;;;;;;53;8100;2;2;2;50;101;101;peatland
15;508;1;30.9.2006;+60.53.00;+22.35.00;70;2;RG;ha;;;;;;;;;;;;;;;;;;;;;;;;;;;;;;;;53;5220;0;0;0;50;101;101;no
15;513;1;30.9.2006;+60.54.00;+23.10.00;100;2;AR;ab;;;;;;;;;;;;hab;0;;;;;;;;;;;;;;;;;;;53;6200;0;0;0;70;101;101;no
15;517;1;30.9.2006;+60.55.00;+23.28.00;120;3;RG;ha;;;;;;;;;;;;;;;;;;;;;;;;;;;;;;;;53;5220;0;0;0;50;101;101;no
15;522;1;30.9.2006;+60.55.00;+23.46.00;130;3;HS;fi;;dr;;;;;;;;;;;;;;;;;;;;;;;;;;;;;;53;8100;2;2;2;40;101;101;peatland, ditched
15;524;1;30.9.2006;+60.55.00;+24.03.00;140;3;RG;ha;;ab;;;;;;;;;;;;;;;;;;;;;;;;;;;;;;53;6110;0;0;0;70;101;101;no
15;531;1;30.9.2006;+60.56.00;+24.21.00;100;2;CM;ha;;;;;;;;;;;;hcm;5;;;;;;;;;;;;;;;;;;;53;6110;0;0;0;60;101;70;70 cm to boulder
15;532;1;30.9.2006;+60.56.00;+24.39.00;110;3;CM;ha;;;;;;;;;;;;hcm;10;;;;;;;;;;;;;;;;;;;53;5220;0;0;0;60;101;101;no
15;536;1;30.9.2006;+60.56.00;+24.56.00;120;3;PZ;rs;;ab;;;;;;;;;;hab;0;hsd;10;;;;;;;;;;;;;;;;;53;6110;0;0;0;60;101;101;no
15;545;1;30.9.2006;+60.57.00;+25.32.00;110;3;CM;ha;;;;;;;;;;;;hcm;10;;;;;;;;;;;;;;;;;;;53;5220;0;0;0;50;101;101;no
15;547;1;30.9.2006;+60.57.00;+25.50.00;100;2;CM;ha;;;;;;;;;;;;hcm;20;;;;;;;;;;;;;;;;;;;53;6110;0;0;0;70;101;101;no
15;549;1;30.9.2006;+60.57.00;+26.07.00;110;3;AR;ha;;;;;;;;;;;;;;;;;;;;;;;;;;;;;;;;53;6110;0;0;0;70;101;101;no
15;556;1;30.9.2006;+60.57.00;+26.43.00;80;2;AR;ha;;;;;;;;;;;;;;;;;;;;;;;;;;;;;;;;53;6110;0;0;0;60;101;101;no
15;560;1;30.9.2006;+60.57.00;+27.00.00;120;3;CM;ha;;;;;;;;;;;;hcm;12;;;;;;;;;;;;;;;;;;;53;6110;0;0;0;50;101;101;no
15;564;1;30.9.2006;+60.57.00;+27.18.00;90;2;RG;ha;;;;;;;;;;;;;;;;;;;;;;;;;;;;;;;;53;6110;0;0;0;60;70;70;70 cm to bedrock
15;569;1;30.9.2006;+60.57.00;+27.54.00;80;2;AR;ha;;;;;;;;;;;;;;;;;;;;;;;;;;;;;;;;53;6110;0;0;0;60;101;101;no
15;573;1;30.9.2006;+60.57.00;+28.11.00;80;2;RG;ha;;;;;;;;;;;;;;;;;;;;;;;;;;;;;;;;53;6200;0;0;0;70;101;101;no
15;577;1;30.9.2006;+60.57.00;+28.29.00;50;1;HS;sa;;dr;;;;;;;;;;;;;;;;;;;;;;;;;;;;;;53;8100;2;2;2;50;101;101;peatland, ditched
15;585;1;30.9.2006;+61.00.00;+21.41.00;10;1;RG;ng;;;;;;;;;;;;;;;;;;;;;;;;;;;;;;;;53;5220;0;0;0;60;101;101;no
15;594;1;30.9.2006;+61.02.00;+22.34.00;100;2;AR;ng;;dr;;;;;;;;;;hhi;-33;;;;;;;;;;;;;;;;;;;53;6200;0;0;0;60;101;101;histic H 33 cm, ditched
15;598;1;30.9.2006;+61.02.00;+22.52.00;80;2;RG;ha;;;;;;;;;;;;;;;;;;;;;;;;;;;;;;;;53;5220;0;0;0;60;101;101;no
15;604;1;30.9.2006;+61.03.00;+23.09.00;110;3;PZ;rs;;ab;;;;;;;;;;hsd;10;;;;;;;;;;;;;;;;;;;53;6110;0;0;0;70;101;101;no
15;607;1;30.9.2006;+61.04.00;+23.45.00;110;3;RG;ha;;;;;;;;;;;;;;;;;;;;;;;;;;;;;;;;53;6110;0;0;0;70;101;101;no
15;611;1;30.9.2006;+61.04.00;+24.03.00;120;3;HS;sa;;dr;;;;;;;;;;;;;;;;;;;;;;;;;;;;;;53;8100;2;2;2;50;101;101;peatland, ditched
15;621;1;30.9.2006;+61.05.00;+24.38.00;110;3;PZ;et;;;;;;;;;;;;hsd;18;;;;;;;;;;;;;;;;;;;53;5220;0;0;0;60;101;101;no
15;633;1;30.9.2006;+61.06.00;+25.49.00;120;3;PZ;rs;;le;;;;;;;;;;hsd;7;ple;70;;;;;;;;;;;;;;;;;53;6200;0;0;0;60;70;70;70 cm to bedrock
15;640;1;30.9.2006;+61.06.00;+26.07.00;90;2;CM;ha;;le;;;;;;;;;;hcm;5;ple;70;;;;;;;;;;;;;;;;;53;6110;0;0;0;50;70;70;70 cm to boulder
15;641;1;30.9.2006;+61.06.00;+26.25.00;100;2;RG;ha;;;;;;;;;;;;;;;;;;;;;;;;;;;;;;;;53;6110;0;0;0;60;101;101;no
15;645;1;30.9.2006;+61.06.00;+26.43.00;90;2;RG;ha;;ab;;;;;;;;;;;;;;;;;;;;;;;;;;;;;;53;6200;0;0;0;50;101;101;no
15;651;1;30.9.2006;+61.06.00;+27.00.00;100;2;PZ;rs;;;;;;;;;;;;hsd;10;;;;;;;;;;;;;;;;;;;53;6110;0;0;0;50;60;60;60 cm to softened bedrock
15;655;1;30.9.2006;+61.06.00;+27.18.00;110;3;PZ;rs;;ab;;;;;;;;;;hsd;3;;;;;;;;;;;;;;;;;;;53;6200;0;0;0;50;101;101;no
15;658;1;30.9.2006;+61.06.00;+27.36.00;90;2;RG;ha;;le;;;;;;;;;;ple;50;;;;;;;;;;;;;;;;;;;53;6110;0;0;0;50;50;50;50 cm to bedrock
15;661;1;30.9.2006;+61.06.00;+27.54.00;100;2;RG;ha;;;;;;;;;;;;;;;;;;;;;;;;;;;;;;;;53;6110;0;0;0;60;101;101;no
15;667;1;30.9.2006;+61.06.00;+28.12.00;80;2;HS;hm;;dr;;;;;;;;;;;;;;;;;;;;;;;;;;;;;;53;8100;1;1;2;50;101;101;peatland, ditched
15;671;1;30.9.2006;+61.06.00;+28.29.00;80;2;AR;ha;;;;;;;;;;;;;;;;;;;;;;;;;;;;;;;;53;6200;0;0;0;60;101;101;no
15;685;1;30.9.2006;+61.09.00;+21.57.00;60;2;PZ;rs;;;;;;;;;;;;hsd;10;;;;;;;;;;;;;;;;;;;53;6110;0;0;0;70;101;101;no
15;692;1;30.9.2006;+61.10.00;+22.33.00;60;2;PZ;rs;;;;;;;;;;;;hsd;10;;;;;;;;;;;;;;;;;;;53;6110;0;0;0;60;101;101;no
15;699;1;30.9.2006;+61.11.00;+23.08.00;120;3;PZ;rs;;;;;;;;;;;;hsd;4;;;;;;;;;;;;;;;;;;;53;6200;0;0;0;60;101;101;no
15;703;1;30.9.2006;+61.12.00;+23.26.00;110;3;RG;ng;;hi;;;;;;;;;;hhi;-13;;;;;;;;;;;;;;;;;;;53;5220;0;0;0;60;101;101;no
15;708;1;30.9.2006;+61.12.00;+23.44.00;100;2;CM;ha;;;;;;;;;;;;hcm;5;;;;;;;;;;;;;;;;;;;53;6110;0;0;0;70;101;101;no
15;711;1;30.9.2006;+61.13.00;+24.02.00;100;2;UM;ha;;;;;;;;;;;;hum;0;;;;;;;;;;;;;;;;;;;53;6200;0;0;0;60;101;101;no
15;723;1;30.9.2006;+61.14.00;+24.55.00;90;2;CM;ha;;sk;;;;;;;;;;hcm;10;;;;;;;;;;;;;;;;;;;53;6110;0;0;0;50;101;101;no
15;727;1;30.9.2006;+61.14.00;+25.13.00;170;4;RG;ha;;et;;;;;;;;;;;;;;;;;;;;;;;;;;;;;;53;6110;0;0;0;70;101;101;no
15;738;1;30.9.2006;+61.15.00;+26.25.00;100;2;AR;ha;;;;;;;;;;;;;;;;;;;;;;;;;;;;;;;;53;6110;0;0;0;50;101;101;no
15;742;1;30.9.2006;+61.15.00;+26.43.00;110;3;RG;ha;;;;;;;;;;;;;;;;;;;;;;;;;;;;;;;;53;6110;0;0;0;50;101;101;no
15;746;1;30.9.2006;+61.15.00;+27.00.00;120;3;AR;ha;;;;;;;;;;;;;;;;;;;;;;;;;;;;;;;;53;6110;0;0;0;60;101;101;no
15;750;1;30.9.2006;+61.15.00;+27.18.00;90;2;RG;ha;;;;;;;;;;;;;;;;;;;;;;;;;;;;;;;;53;6110;0;0;0;60;101;101;no
15;757;1;30.9.2006;+61.15.00;+27.36.00;80;2;RG;ha;;;;;;;;;;;;;;;;;;;;;;;;;;;;;;;;53;6110;0;0;0;60;101;101;no
15;758;1;30.9.2006;+61.14.00;+27.54.00;120;3;RG;ha;;;;;;;;;;;;;;;;;;;;;;;;;;;;;;;;53;6110;0;0;0;50;101;101;no
15;776;1;30.9.2006;+61.17.00;+21.38.00;30;1;RG;ng;;;;;;;;;;;;pgl;60;prd;60;;;;;;;;;;;;;;;;;53;6110;0;0;0;30;101;101;no
15;780;1;30.9.2006;+61.18.00;+21.56.00;40;1;CM;ha;;;;;;;;;;;;hcm;10;;;;;;;;;;;;;;;;;;;53;6110;0;0;0;50;101;101;no
15;787;1;30.9.2006;+61.19.00;+22.31.00;60;2;RG;ng;;dr;;;;;;;;;;hhi;-13;pgl;60;prd;60;;;;;;;;;;;;;;;53;6110;1;1;2;50;101;101;50 cm to grounwater, ditched
15;802;1;30.9.2006;+61.21.00;+23.43.00;130;3;RG;ha;;;;;;;;;;;;;;;;;;;;;;;;;;;;;;;;53;6110;0;0;0;40;101;101;no
15;815;1;30.9.2006;+61.22.00;+24.55.00;110;3;RG;ha;;;;;;;;;;;;;;;;;;;;;;;;;;;;;;;;53;6110;0;0;0;70;101;101;no
15;819;1;30.9.2006;+61.23.00;+25.13.00;90;2;RG;ha;;;;;;;;;;;;;;;;;;;;;;;;;;;;;;;;53;6110;0;0;0;70;101;101;no
15;829;1;30.9.2006;+61.23.00;+26.07.00;140;3;HS;sa;;dr;;;;;;;;;;;;;;;;;;;;;;;;;;;;;;53;8100;2;2;2;30;101;101;peatland, ditched
15;831;1;30.9.2006;+61.23.00;+26.25.00;100;2;PZ;rs;;;;;;;;;;;;hsd;5;;;;;;;;;;;;;;;;;;;53;6110;0;0;0;60;101;101;no
15;835;1;30.9.2006;+61.23.00;+26.42.00;90;2;RG;ha;;;;;;;;;;;;;;;;;;;;;;;;;;;;;;;;53;5220;0;0;0;60;101;101;no
15;839;1;30.9.2006;+61.23.00;+27.00.00;100;2;PZ;rs;;ab;;;;;;;;;;hab;0;hsd;7;;;;;;;;;;;;;;;;;53;6200;0;0;0;50;101;70;70 cm to boulder
15;844;1;30.9.2006;+61.23.00;+27.18.00;120;3;RG;ha;;et;;;;;;;;;;;;;;;;;;;;;;;;;;;;;;53;6110;0;0;0;60;101;101;no
15;847;1;30.9.2006;+61.23.00;+27.36.00;80;2;AR;ha;;;;;;;;;;;;;;;;;;;;;;;;;;;;;;;;53;6110;0;0;0;60;101;101;no
15;853;1;30.9.2006;+61.24.00;+27.54.00;110;3;PZ;rs;;;;;;;;;;;;hsd;15;;;;;;;;;;;;;;;;;;;53;6110;0;0;0;60;101;101;no
15;857;1;30.9.2006;+61.24.00;+28.12.00;80;2;CM;ha;;;;;;;;;;;;hcm;30;;;;;;;;;;;;;;;;;;;53;6110;0;0;0;60;101;101;no
15;859;1;30.9.2006;+61.23.00;+28.30.00;90;2;HS;hm;;dr;;;;;;;;;;;;;;;;;;;;;;;;;;;;;;53;8100;2;2;2;40;101;101;peatland, ditched
15;864;1;30.9.2006;+61.23.00;+28.48.00;110;3;RG;ha;;;;;;;;;;;;;;;;;;;;;;;;;;;;;;;;53;6200;0;0;0;60;101;101;no
15;880;1;30.9.2006;+61.27.00;+22.12.00;50;1;PZ;rs;;;;;;;;;;;;hsd;7;;;;;;;;;;;;;;;;;;;53;6110;1;1;2;30;101;101;50 cm to grounwater
15;883;1;30.9.2006;+61.27.00;+22.30.00;80;2;GL;hi;;;;;;;;;;;;hhi;-25;pgl;30;prd;30;;;;;;;;;;;;;;;53;6110;1;1;2;20;101;101;20 cm to groundwater, peat 25 cm
15;895;1;30.9.2006;+61.29.00;+23.24.00;140;3;RG;ng;;;;;;;;;;;;pgl;70;prd;70;;;;;;;;;;;;;;;;;53;6110;2;2;2;40;101;101;70 cm to groundwater
15;901;1;30.9.2006;+61.30.00;+24.00.00;120;3;PZ;rs;;le;;;;;;;;;;hsd;4;;;;;;;;;;;;;;;;;;;53;6110;0;0;0;50;60;60;60 cm to bedrock
15;905;1;30.9.2006;+61.30.00;+24.18.00;90;2;CM;ha;;;;;;;;;;;;hcm;5;;;;;;;;;;;;;;;;;;;53;6110;0;0;0;60;101;101;no
15;916;1;30.9.2006;+61.32.00;+24.54.00;120;3;CM;ha;;;;;;;;;;;;hcm;25;;;;;;;;;;;;;;;;;;;53;6110;2;2;2;50;101;101;no
15;917;1;30.9.2006;+61.31.00;+25.12.00;80;2;RG;ha;;;;;;;;;;;;;;;;;;;;;;;;;;;;;;;;53;6110;0;0;0;50;101;70;70 cm to boulder
15;925;1;30.9.2006;+61.32.00;+25.48.00;100;2;PZ;rs;;et;;;;;;;;;;hsd;7;;;;;;;;;;;;;;;;;;;53;6110;0;0;0;70;101;101;no
15;929;1;30.9.2006;+61.32.00;+26.06.00;100;2;RG;ha;;;;;;;;;;;;hab;7;;;;;;;;;;;;;;;;;;;53;6110;0;0;0;70;101;101;no
15;932;1;30.9.2006;+61.32.00;+26.24.00;120;3;PZ;rs;;ab;;;;;;;;;;hab;0;hsd;15;;;;;;;;;;;;;;;;;53;6200;0;0;0;60;101;101;no
15;937;1;30.9.2006;+61.32.00;+27.00.00;120;3;PZ;cb;;;;;;;;;;;;hsd;10;;;;;;;;;;;;;;;;;;;53;6110;0;0;0;70;101;101;no
15;940;1;30.9.2006;+61.32.00;+27.18.00;90;2;CM;ha;;;;;;;;;;;;hcm;15;;;;;;;;;;;;;;;;;;;53;6110;0;0;0;60;101;101;no
15;944;1;30.9.2006;+61.32.00;+27.37.00;90;2;AR;ha;;;;;;;;;;;;;;;;;;;;;;;;;;;;;;;;53;6200;0;0;0;50;101;101;no
15;948;1;30.9.2006;+61.32.00;+27.55.00;100;2;RG;ha;;;;;;;;;;;;;;;;;;;;;;;;;;;;;;;;53;6110;0;0;0;70;101;101;no
15;953;1;30.9.2006;+61.31.00;+28.31.00;90;2;RG;ha;;;;;;;;;;;;;;;;;;;;;;;;;;;;;;;;53;6110;0;0;0;60;101;101;no
15;957;1;30.9.2006;+61.31.00;+28.49.00;110;3;PZ;ab;;le;;;;;;;;;;hab;0;hsd;7;ple;50;;;;;;;;;;;;;;;53;6110;0;0;0;50;50;50;50 to bedrock
15;961;1;30.9.2006;+61.31.00;+29.07.00;120;3;CM;ha;;et;;;;;;;;;;hcm;10;;;;;;;;;;;;;;;;;;;53;6110;0;0;0;60;101;101;no
15;969;1;30.9.2006;+61.35.00;+21.53.00;30;1;CM;ha;;sk;;;;;;;;;;hcm;22;;;;;;;;;;;;;;;;;;;53;6110;0;0;0;70;101;101;no
15;971;1;30.9.2006;+61.35.00;+22.11.00;70;2;RG;ha;;;;;;;;;;;;;;;;;;;;;;;;;;;;;;;;53;6110;2;2;2;60;101;101;70 cm to groundwater
15;975;1;30.9.2006;+61.36.00;+22.29.00;70;2;RG;ha;;sk;;;;;;;;;;;;;;;;;;;;;;;;;;;;;;53;6110;0;0;0;50;101;70;70 cm to boulder
15;982;1;30.9.2006;+61.37.00;+22.47.00;100;2;RG;ha;;;;;;;;;;;;hab;0;;;;;;;;;;;;;;;;;;;53;6110;0;0;0;60;101;101;no
15;983;1;30.9.2006;+61.37.00;+23.05.00;100;2;CM;ha;;;;;;;;;;;;hcm;5;;;;;;;;;;;;;;;;;;;53;5220;0;0;0;50;101;101;no
15;987;1;30.9.2006;+61.38.00;+23.23.00;110;3;RG;ha;;;;;;;;;;;;hab;0;;;;;;;;;;;;;;;;;;;53;6110;0;0;0;60;101;101;no
15;999;1;30.9.2006;+61.39.00;+24.17.00;140;3;HS;sa;;dr;;;;;;;;;;;;;;;;;;;;;;;;;;;;;;53;8100;2;2;2;40;101;101;peatland, ditched
15;1006;1;30.9.2006;+61.40.00;+24.35.00;90;2;RG;ha;;;;;;;;;;;;;;;;;;;;;;;;;;;;;;;;53;6110;0;0;0;40;101;101;no
15;1007;1;30.9.2006;+61.39.00;+24.54.00;160;4;PZ;cb;;ab;;;;;;;;;;hab;0;hsd;20;;;;;;;;;;;;;;;;;53;6110;0;0;0;50;101;101;no
15;1017;1;30.9.2006;+61.40.00;+25.48.00;130;3;HS;hm;;dr;;;;;;;;;;;;;;;;;;;;;;;;;;;;;;53;8100;0;0;0;30;101;101;peatland, ditched
15;1022;1;30.9.2006;+61.41.00;+26.06.00;110;3;AR;ng;;hi;;dr;;;;;;;;hhi;-20;;;;;;;;;;;;;;;;;;;53;6110;1;1;2;40;101;101;50 cm to groundwater, ditched
15;1028;1;30.9.2006;+61.40.00;+26.42.00;110;3;AR;ha;;;;;;;;;;;;hab;0;;;;;;;;;;;;;;;;;;;53;6110;0;0;0;50;101;101;no
15;1035;1;30.9.2006;+61.41.00;+27.00.00;110;3;RG;ha;;;;;;;;;;;;hab;0;;;;;;;;;;;;;;;;;;;53;6200;0;0;0;50;101;101;no
15;1044;1;30.9.2006;+61.40.00;+27.55.00;80;2;PZ;cb;;ab;;;;;;;;;;hab;10;hsd;17;;;;;;;;;;;;;;;;;53;6200;0;0;0;50;101;101;no
15;1050;1;30.9.2006;+61.41.00;+28.13.00;130;3;PZ;rs;;et;;;;;;;;;;hsd;10;;;;;;;;;;;;;;;;;;;53;6110;0;0;0;60;101;101;no
15;1056;1;30.9.2006;+61.40.00;+28.49.00;110;3;RG;ab;;;;;;;;;;;;;;;;;;;;;;;;;;;;;;;;53;6200;0;0;0;60;101;101;no
15;1059;1;30.9.2006;+61.40.00;+29.07.00;90;2;RG;ha;;le;;;;;;;;;;ple;30;;;;;;;;;;;;;;;;;;;53;6110;0;0;0;30;30;30;30 cm to bedrock
15;1061;1;30.9.2006;+61.39.00;+29.25.00;100;2;HS;fi;;;;;;;;;;;;;;;;;;;;;;;;;;;;;;;;53;8100;0;0;0;30;101;101;peatland
15;1074;1;30.9.2006;+61.44.00;+22.10.00;70;2;PZ;rs;;;;;;;;;;;;hsd;13;;;;;;;;;;;;;;;;;;;53;6110;0;0;0;60;101;101;no
15;1078;1;30.9.2006;+61.45.00;+22.28.00;80;2;PZ;rs;;;;;;;;;;;;hsd;5;;;;;;;;;;;;;;;;;;;53;6110;0;0;0;50;101;101;no
15;1085;1;30.9.2006;+61.46.00;+22.46.00;140;3;PZ;rs;;;;;;;;;;;;hsd;6;;;;;;;;;;;;;;;;;;;53;6110;0;0;0;40;101;101;no
15;1090;1;30.9.2006;+61.46.00;+23.22.00;140;3;PZ;rs;;;;;;;;;;;;hsd;12;;;;;;;;;;;;;;;;;;;53;6110;0;0;0;60;101;101;no
15;1096;1;30.9.2006;+61.47.00;+23.58.00;140;3;RG;ha;;;;;;;;;;;;hab;0;pgl;60;prd;60;;;;;;;;;;;;;;;53;6110;0;0;0;50;101;101;no
15;1104;1;30.9.2006;+61.48.00;+24.35.00;160;4;PZ;rs;;sk;;;;;;;;;;hsd;10;;;;;;;;;;;;;;;;;;;53;6110;0;0;0;50;101;101;no
15;1117;1;30.9.2006;+61.49.00;+25.48.00;110;3;RG;ha;;sk;;;;;;;;;;;;;;;;;;;;;;;;;;;;;;53;6110;0;0;0;70;101;101;no
15;1121;1;30.9.2006;+61.49.00;+26.06.00;140;3;PZ;rs;;ab;;;;;;;;;;hab;5;hhi;-20;hsd;12;;;;;;;;;;;;;;;53;6110;0;0;0;40;101;101;histic H 20
15;1130;1;30.9.2006;+61.49.00;+27.00.00;130;3;AR;ha;;;;;;;;;;;;;;;;;;;;;;;;;;;;;;;;53;6110;0;0;0;80;101;101;no
15;1134;1;30.9.2006;+61.49.00;+27.19.00;140;3;RG;ha;;;;;;;;;;;;hab;20;;;;;;;;;;;;;;;;;;;53;6110;0;0;0;60;101;101;no
15;1138;1;30.9.2006;+61.49.00;+27.37.00;120;3;RG;ha;;hi;;;;;;;;;;hhi;-20;;;;;;;;;;;;;;;;;;;53;6110;0;0;0;50;101;101;no
15;1142;1;30.9.2006;+61.49.00;+27.55.00;140;3;RG;ha;;et;;;;;;;;;;;;;;;;;;;;;;;;;;;;;;53;6110;0;0;0;60;101;101;no
15;1155;1;30.9.2006;+61.48.00;+29.08.00;80;2;CM;ha;;;;;;;;;;;;hcm;10;;;;;;;;;;;;;;;;;;;53;6110;0;0;0;60;101;101;no
15;1163;1;30.9.2006;+61.48.00;+29.44.00;100;2;RG;ha;;;;;;;;;;;;;;;;;;;;;;;;;;;;;;;;53;6110;0;0;0;70;101;101;no
15;1169;1;30.9.2006;+61.52.00;+21.50.00;50;1;RG;ha;;;;;;;;;;;;;;;;;;;;;;;;;;;;;;;;53;6110;0;0;0;60;101;101;no
15;1173;1;30.9.2006;+61.53.00;+22.08.00;80;2;HS;sa;;dr;;;;;;;;;;;;;;;;;;;;;;;;;;;;;;53;8100;0;0;0;40;101;101;peat layer 45 cm, ditched
15;1190;1;30.9.2006;+61.55.00;+23.39.00;150;3;LP;ha;;;;;;;;;;;;ple;20;;;;;;;;;;;;;;;;;;;53;6110;0;0;0;20;20;20;20 cm to bedrock
15;1194;1;30.9.2006;+61.56.00;+23.58.00;140;3;PZ;cb;;ab;;;;;;;;;;hab;0;hsd;40;pgl;70;prd;70;;;;;;;;;;;;;53;6110;0;0;0;60;101;101;no
15;1198;1;30.9.2006;+61.56.00;+24.16.00;110;3;AR;ha;;;;;;;;;;;;;;;;;;;;;;;;;;;;;;;;53;6110;0;0;0;50;101;101;no
15;1202;1;30.9.2006;+61.56.00;+24.34.00;130;3;PZ;gl;;;;;;;;;;;;hsd;5;pgl;60;prd;60;;;;;;;;;;;;;;;53;6110;2;2;2;50;101;101;60 cm to groundwater
15;1209;1;30.9.2006;+61.57.00;+24.52.00;120;3;RG;ha;;;;;;;;;;;;;;;;;;;;;;;;;;;;;;;;53;6110;2;2;2;50;101;101;no
15;1211;1;30.9.2006;+61.57.00;+25.11.00;120;3;CM;ha;;;;;;;;;;;;hcm;8;;;;;;;;;;;;;;;;;;;53;6110;0;0;0;50;101;101;no
15;1220;1;30.9.2006;+61.58.00;+25.47.00;100;2;CM;ha;;;;;;;;;;;;hcm;5;;;;;;;;;;;;;;;;;;;53;6110;0;0;0;60;101;101;no
15;1221;1;30.9.2006;+61.58.00;+26.06.00;140;3;AR;ab;;;;;;;;;;;;hab;0;;;;;;;;;;;;;;;;;;;53;6110;0;0;0;70;101;101;no
15;1228;1;30.9.2006;+61.58.00;+26.24.00;100;2;RG;ha;;;;;;;;;;;;;;;;;;;;;;;;;;;;;;;;53;6110;0;0;0;60;101;101;no
15;1229;1;30.9.2006;+61.58.00;+26.42.00;110;3;RG;ha;;;;;;;;;;;;;;;;;;;;;;;;;;;;;;;;53;5220;0;0;0;70;101;101;no
15;1234;1;30.9.2006;+61.58.00;+27.00.00;100;2;RG;ng;;dr;;;;;;;;;;hhi;-15;;;;;;;;;;;;;;;;;;;53;6110;0;0;0;40;101;101;histic H 15 cm, ditched
15;1240;1;30.9.2006;+61.58.00;+27.37.00;130;3;AR;ab;;;;;;;;;;;;hab;0;;;;;;;;;;;;;;;;;;;53;6200;0;0;0;50;101;101;no
15;1244;1;30.9.2006;+61.57.00;+27.55.00;110;3;RG;ha;;;;;;;;;;;;;;;;;;;;;;;;;;;;;;;;53;6110;0;0;0;60;101;101;no
15;1250;1;30.9.2006;+61.57.00;+28.32.00;120;3;RG;ha;;et;;;;;;;;;;;;;;;;;;;;;;;;;;;;;;53;6110;0;0;0;70;101;101;no
15;1256;1;30.9.2006;+61.57.00;+28.50.00;90;2;RG;ha;;;;;;;;;;;;;;;;;;;;;;;;;;;;;;;;53;6110;0;0;0;60;101;70;70 cm to boulder
15;1258;1;30.9.2006;+61.57.00;+29.09.00;80;2;HS;sa;;dr;;;;;;;;;;;;;;;;;;;;;;;;;;;;;;53;8100;0;0;0;40;101;101;peatland, ditched
15;1262;1;30.9.2006;+61.56.00;+29.27.00;90;2;RG;ha;;ab;;;;;;;;;;;;;;;;;;;;;;;;;;;;;;53;5220;0;0;0;60;101;101;no
15;1266;1;30.9.2006;+61.56.00;+29.45.00;80;2;CM;ha;;et;;;;;;;;;;hcm;12;;;;;;;;;;;;;;;;;;;53;6200;0;0;0;60;101;101;no
15;1270;1;30.9.2006;+61.56.00;+30.03.00;90;2;RG;ha;;;;;;;;;;;;;;;;;;;;;;;;;;;;;;;;53;5220;0;0;0;60;101;101;no
15;1275;1;30.9.2006;+62.00.00;+21.30.00;30;1;GL;hi;;dr;;;;;;;;;;hhi;-15;pgl;40;prd;40;;;;;;;;;;;;;;;53;6110;2;2;0;50;101;101;60 cm to groundwater, ditched
15;1282;1;30.9.2006;+62.01.00;+22.07.00;100;2;RG;ha;;;;;;;;;;;;hab;5;;;;;;;;;;;;;;;;;;;53;6110;0;0;0;60;101;101;no
15;1294;1;30.9.2006;+62.03.00;+23.02.00;150;3;PZ;rs;;ab;;;;;;;;;;hsd;15;;;;;;;;;;;;;;;;;;;53;6200;0;0;0;50;101;101;no
15;1299;1;30.9.2006;+62.04.00;+23.20.00;180;4;AR;ab;;;;;;;;;;;;hab;0;;;;;;;;;;;;;;;;;;;53;6110;0;0;0;60;101;101;no
15;1302;1;30.9.2006;+62.04.00;+23.38.00;180;4;RG;ng;;sk;;;;;;;;;;pgl;70;prd;70;;;;;;;;;;;;;;;;;53;6110;0;0;0;50;101;101;no
15;1310;1;30.9.2006;+62.05.00;+24.15.00;140;3;RG;ng;;;;;;;;;;;;hab;0;;;;;;;;;;;;;;;;;;;53;6110;1;1;2;40;101;101;50 cm to groundwater
15;1314;1;30.9.2006;+62.05.00;+24.33.00;120;3;AR;ha;;;;;;;;;;;;hab;0;;;;;;;;;;;;;;;;;;;53;6110;0;0;0;60;101;101;no
15;1322;1;30.9.2006;+62.06.00;+25.10.00;110;3;RG;ha;;;;;;;;;;;;;;;;;;;;;;;;;;;;;;;;53;6110;0;0;0;60;101;101;no
15;1327;1;30.9.2006;+62.06.00;+25.29.00;140;3;RG;ha;;ab;;;;;;;;;;hab;7;;;;;;;;;;;;;;;;;;;53;6110;0;0;0;50;101;101;no
15;1341;1;30.9.2006;+62.07.00;+26.42.00;150;3;HS;hm;;dr;;;;;;;;;;;;;;;;;;;;;;;;;;;;;;53;8100;2;2;2;40;101;101;peatland, ditched
15;1343;1;30.9.2006;+62.06.00;+27.00.00;110;3;AR;ha;;;;;;;;;;;;;;;;;;;;;;;;;;;;;;;;53;6110;0;0;0;50;101;101;no
15;1347;1;30.9.2006;+62.06.00;+27.19.00;110;3;HS;hm;;dr;;;;;;;;;;;;;;;;;;;;;;;;;;;;;;53;8100;2;2;2;40;101;101;peatland, ditched
15;1353;1;30.9.2006;+62.06.00;+27.56.00;90;2;PZ;cb;;ab;;;;;;;;;;hab;0;hfo;-12;hsd;20;;;;;;;;;;;;;;;53;6200;0;0;0;50;101;101;no
15;1356;1;30.9.2006;+62.06.00;+28.14.00;80;2;HS;sa;;dr;;;;;;;;;;hhi;-25;;;;;;;;;;;;;;;;;;;53;5220;0;0;0;50;101;101;ditched, afforested field, min. soil added on peatland
15;1363;1;30.9.2006;+62.05.00;+29.09.00;90;2;RG;ha;;;;;;;;;;;;hab;0;;;;;;;;;;;;;;;;;;;53;6200;0;0;0;60;101;101;no
15;1373;1;30.9.2006;+62.04.00;+30.04.00;90;2;CM;ha;;;;;;;;;;;;hcm;17;;;;;;;;;;;;;;;;;;;53;6110;0;0;0;60;101;101;no
15;1377;1;30.9.2006;+62.04.00;+30.23.00;120;3;CM;ha;;et;;;;;;;;;;hcm;15;;;;;;;;;;;;;;;;;;;53;6200;0;0;0;60;101;101;no
15;1392;1;30.9.2006;+62.10.00;+22.05.00;150;3;LP;hk;;;;;;;;;;;;;;;;;;;;;;;;;;;;;;;;53;6200;0;0;0;50;101;101;no
15;1397;1;30.9.2006;+62.11.00;+22.42.00;150;3;RG;ng;;gl;;dr;;;;;;;;hhi;-15;pgl;55;prd;55;;;;;;;;;;;;;;;53;6110;0;0;0;40;101;101;histic H 15 cm, ditched
15;1404;1;30.9.2006;+62.12.00;+23.01.00;150;3;GL;hi;;dr;;;;;;;;;;hhi;-15;pgl;30;prd;30;;;;;;;;;;;;;;;53;6110;1;1;2;10;101;101;20 cm to groundwater, ditched
15;1406;1;30.9.2006;+62.12.00;+23.37.00;120;3;RG;ha;;ab;;;;;;;;;;hab;0;;;;;;;;;;;;;;;;;;;53;6110;0;0;0;50;101;101;no
15;1410;1;30.9.2006;+62.13.00;+23.56.00;130;3;RG;ha;;;;;;;;;;;;;;;;;;;;;;;;;;;;;;;;53;6110;0;0;0;50;101;101;no
15;1415;1;30.9.2006;+62.13.00;+24.14.00;160;4;PZ;cb;;ab;;;;;;;;;;hab;0;hsd;13;;;;;;;;;;;;;;;;;53;6110;0;0;0;60;101;101;no
15;1420;1;30.9.2006;+62.14.00;+24.33.00;130;3;RG;ng;;;;;;;;;;;;pgl;60;prd;60;;;;;;;;;;;;;;;;;53;6110;2;2;2;50;101;101;80 cm to groundwater
15;1422;1;30.9.2006;+62.14.00;+24.51.00;150;3;RG;ha;;;;;;;;;;;;;;;;;;;;;;;;;;;;;;;;53;6110;0;0;0;60;101;101;no
15;1438;1;30.9.2006;+62.15.00;+26.05.00;110;3;PZ;rs;;ab;;;;;;;;;;hab;0;hsd;10;;;;;;;;;;;;;;;;;53;6110;0;0;0;50;101;101;no
15;1442;1;30.9.2006;+62.15.00;+26.24.00;100;2;GL;ha;;;;;;;;;;;;pgl;40;prd;40;;;;;;;;;;;;;;;;;53;5220;0;0;0;40;101;101;no
15;1445;1;30.9.2006;+62.15.00;+26.42.00;190;4;RG;ha;;ab;;;;;;;;;;hab;0;hfo;-12;;;;;;;;;;;;;;;;;53;6110;0;0;0;50;101;101;no
15;1449;1;30.9.2006;+62.15.00;+27.00.00;110;3;GL;ha;;;;;;;;;;;;pgl;30;prd;30;;;;;;;;;;;;;;;;;53;6200;1;1;2;30;101;101;30 cm to groundwater
15;1454;1;30.9.2006;+62.15.00;+27.19.00;120;3;HS;hm;;dr;;;;;;;;;;;;;;;;;;;;;;;;;;;;;;53;8100;1;1;2;30;101;101;20 cm to groundwater, ditched
15;1456;1;30.9.2006;+62.15.00;+27.37.00;120;3;PZ;et;;;;;;;;;;;;hsd;0;;;;;;;;;;;;;;;;;;;53;6200;0;0;0;60;101;101;no
15;1473;1;30.9.2006;+62.14.00;+29.10.00;110;3;RG;ha;;ab;;;;;;;;;;hab;0;;;;;;;;;;;;;;;;;;;53;6200;0;0;0;50;101;101;no
15;1480;1;30.9.2006;+62.13.00;+29.47.00;80;2;RG;ha;;sk;;;;;;;;;;;;;;;;;;;;;;;;;;;;;;53;6110;0;0;0;50;101;50;50 to boulder
15;1483;1;30.9.2006;+62.13.00;+30.05.00;100;2;RG;ha;;;;;;;;;;;;;;;;;;;;;;;;;;;;;;;;53;6200;0;0;0;50;101;101;no
15;1490;1;30.9.2006;+62.13.00;+30.24.00;90;2;GL;ha;;;;;;;;;;;;pgl;20;prd;40;;;;;;;;;;;;;;;;;53;5220;0;0;0;40;101;101;no
15;1492;1;30.9.2006;+62.12.00;+30.42.00;130;3;RG;ha;;;;;;;;;;;;;;;;;;;;;;;;;;;;;;;;53;5220;2;2;2;50;101;101;60 cm to groundwater
15;1510;1;30.9.2006;+62.20.00;+22.22.00;170;4;PZ;cb;;;;;;;;;;;;hsd;10;;;;;;;;;;;;;;;;;;;53;6200;0;0;0;50;101;101;no
15;1514;1;30.9.2006;+62.20.00;+22.41.00;140;3;RG;ha;;;;;;;;;;;;;;;;;;;;;;;;;;;;;;;;53;6110;0;0;0;50;101;101;no
15;1515;1;30.9.2006;+62.20.00;+22.59.00;130;3;HS;sa;;dr;;;;;;;;;;;;;;;;;;;;;;;;;;;;;;53;8100;2;2;2;40;101;101;peatland, ditched
15;1517;1;30.9.2006;+62.21.00;+23.18.00;140;3;HS;hm;;dr;;;;;;;;;;;;;;;;;;;;;;;;;;;;;;53;8100;0;0;0;30;101;101;peat layer 40 cm, ditched
15;1523;1;30.9.2006;+62.21.00;+23.36.00;130;3;PZ;rs;;;;;;;;;;;;hab;0;hsd;4;;;;;;;;;;;;;;;;;53;6110;0;0;0;60;101;101;no
15;1529;1;30.9.2006;+62.22.00;+24.13.00;150;3;PZ;rs;;ab;;;;;;;;;;hab;0;hsd;12;;;;;;;;;;;;;;;;;53;6110;0;0;0;60;101;101;no
15;1533;1;30.9.2006;+62.22.00;+24.32.00;180;4;RG;ha;;;;;;;;;;;;;;;;;;;;;;;;;;;;;;;;53;6110;0;0;0;50;101;101;no
15;1539;1;30.9.2006;+62.23.00;+24.51.00;180;4;RG;ha;;;;;;;;;;;;hab;0;;;;;;;;;;;;;;;;;;;53;6110;0;0;0;60;101;101;no
15;1544;1;30.9.2006;+62.23.00;+25.28.00;180;4;PZ;rs;;ab;;;;;;;;;;hab;0;hsd;15;;;;;;;;;;;;;;;;;53;6110;0;0;0;60;101;101;no
15;1549;1;30.9.2006;+62.23.00;+25.46.00;180;4;PZ;rs;;;;;;;;;;;;;;hsd;7;;;;;;;;;;;;;;;;;53;6110;0;0;0;60;101;101;no
15;1552;1;30.9.2006;+62.23.00;+26.05.00;90;2;RG;ha;;;;;;;;;;;;;;;;;;;;;;;;;;;;;;;;53;6110;0;0;0;60;101;101;no
15;1559;1;30.9.2006;+62.24.00;+26.42.00;130;3;PZ;rs;;;;;;;;;;;;hfo;-11;hsd;10;;;;;;;;;;;;;;;;;53;6110;0;0;0;50;101;101;no
15;1563;1;30.9.2006;+62.24.00;+27.00.00;130;3;RG;ng;;;;;;;;;;;;;;;;;;;;;;;;;;;;;;;;53;6110;2;2;2;50;101;101;80 cm to groundwater
15;1571;1;30.9.2006;+62.23.00;+27.38.00;120;3;RG;ha;;et;;;;;;;;;;;;;;;;;;;;;;;;;;;;;;53;6110;0;0;2;70;101;101;no
15;1587;1;30.9.2006;+62.23.00;+28.52.00;100;2;RG;ha;;;;;;;;;;;;;;;;;;;;;;;;;;;;;;;;53;6200;0;0;2;50;101;70;70 cm to boulder
15;1591;1;30.9.2006;+62.23.00;+29.10.00;150;3;AR;ng;;;;;;;;;;;;;;;;;;;;;;;;;;;;;;;;53;6200;0;0;2;40;101;101;no
15;1595;1;30.9.2006;+62.22.00;+29.29.00;90;2;RG;ha;;;;;;;;;;;;;;;;;;;;;;;;;;;;;;;;53;6110;0;0;2;60;101;70;70 cm to boulder
15;1600;1;30.9.2006;+62.21.00;+30.06.00;80;2;HS;sa;;dr;;;;;;;;;;;;;;;;;;;;;;;;;;;;;;53;8100;2;2;2;40;101;101;peatland, ditched
15;1605;1;30.9.2006;+62.21.00;+30.24.00;90;2;GL;ha;;;;;;;;;;;;pgl;10;prd;40;;;;;;;;;;;;;;;;;53;5220;0;0;0;40;101;101;no
15;1616;1;30.9.2006;+62.25.00;+21.26.00;30;1;GL;hi;;;;;;;;;;;;hhi;-11;pgl;20;prd;30;;;;;;;;;;;;;;;53;6110;1;1;2;10;101;101;20 cm to groundwater
15;1620;1;30.9.2006;+62.26.00;+21.44.00;70;2;HS;hm;;dr;;;;;;;;;;;;;;;;;;;;;;;;;;;;;;53;6110;1;1;2;20;101;101;40 cm to groundwater, ditched
15;1628;1;30.9.2006;+62.28.00;+22.21.00;130;3;AR;ab;;;;;;;;;;;;hab;0;;;;;;;;;;;;;;;;;;;53;6110;0;0;0;50;101;101;no
15;1634;1;30.9.2006;+62.29.00;+22.40.00;120;3;PZ;cb;;;;;;;;;;;;hab;0;hsd;10;;;;;;;;;;;;;;;;;53;6110;1;1;2;40;101;101;50 cm to groundwater
15;1638;1;30.9.2006;+62.29.00;+22.58.00;110;3;HS;hm;;dr;;;;;;;;;;;;;;;;;;;;;;;;;;;;;;53;8100;0;0;0;50;101;101;peatland, ditched
15;1639;1;30.9.2006;+62.29.00;+23.17.00;130;3;RG;ha;;;;;;;;;;;;;;;;;;;;;;;;;;;;;;;;53;6110;0;0;0;40;101;101;no
15;1648;1;30.9.2006;+62.31.00;+23.54.00;150;3;RG;ha;;;;;;;;;;;;;;;;;;;;;;;;;;;;;;;;53;6110;0;0;0;60;101;101;no
15;1656;1;30.9.2006;+62.31.00;+24.50.00;200;4;HS;hm;;;;;;;;;;;;;;;;;;;;;;;;;;;;;;;;53;8100;1;1;2;40;101;101;peat 50 cm, 30 cm to groundwater
15;1679;1;30.9.2006;+62.32.00;+26.42.00;110;3;RG;ha;;ab;;;;;;;;;;hab;0;;;;;;;;;;;;;;;;;;;53;6110;0;0;0;50;101;101;no
15;1682;1;30.9.2006;+62.32.00;+27.00.00;150;3;PZ;rs;;ab;;;;;;;;;;hab;0;hsd;3;;;;;;;;;;;;;;;;;53;5220;0;0;0;60;101;101;no
15;1686;1;30.9.2006;+62.32.00;+27.19.00;100;2;HS;sa;;dr;;;;;;;;;;;;;;;;;;;;;;;;;;;;;;53;8100;0;0;0;40;101;101;peatland, ditched
15;1693;1;30.9.2006;+62.32.00;+27.56.00;90;2;CM;ha;;;;;;;;;;;;hcm;5;;;;;;;;;;;;;;;;;;;53;6110;0;0;0;50;101;101;no
15;1697;1;30.9.2006;+62.32.00;+28.15.00;80;2;RG;ha;;;;;;;;;;;;;;;;;;;;;;;;;;;;;;;;53;6110;0;0;0;70;101;101;no
15;1701;1;30.9.2006;+62.32.00;+28.34.00;110;3;CM;ha;;;;;;;;;;;;hcm;10;;;;;;;;;;;;;;;;;;;53;6110;0;0;0;60;101;101;no
15;1705;1;30.9.2006;+62.31.00;+28.52.00;110;3;RG;ha;;et;;;;;;;;;;;;;;;;;;;;;;;;;;;;;;53;6200;0;0;0;70;101;101;no
15;1709;1;30.9.2006;+62.31.00;+29.11.00;100;2;RG;ha;;et;;;;;;;;;;;;;;;;;;;;;;;;;;;;;;53;6200;0;0;0;60;101;70;70 cm to boulder
15;1713;1;30.9.2006;+62.31.00;+29.30.00;100;2;CM;ha;;et;;;;;;;;;;hcm;10;;;;;;;;;;;;;;;;;;;53;6200;0;0;0;60;101;101;no
15;1721;1;30.9.2006;+62.30.00;+30.07.00;110;3;RG;ha;;;;;;;;;;;;;;;;;;;;;;;;;;;;;;;;53;6200;0;0;0;50;101;101;no
15;1726;1;30.9.2006;+62.30.00;+30.25.00;120;3;HS;sa;;dr;;;;;;;;;;;;;;;;;;;;;;;;;;;;;;53;8100;0;0;0;50;101;101;peatland, ditched
15;1729;1;30.9.2006;+62.29.00;+30.44.00;160;4;CM;le;;;;;;;;;;;;hcm;8;ple;40;;;;;;;;;;;;;;;;;53;5220;0;0;0;40;40;40;40 to bedrock
15;1736;1;30.9.2006;+62.29.00;+31.03.00;160;4;PZ;rs;;ab;;;;;;;;;;hab;0;hsd;10;;;;;;;;;;;;;;;;;53;6200;0;0;0;60;101;70;70 cm to boulder
15;1742;1;30.9.2006;+62.34.00;+21.24.00;20;1;RG;ha;;;;;;;;;;;;;;;;;;;;;;;;;;;;;;;;53;6110;0;0;0;50;101;101;no
15;1745;1;30.9.2006;+62.35.00;+21.43.00;80;2;HS;sa;;dr;;;;;;;;;;;;;;;;;;;;;;;;;;;;;;53;8100;2;2;2;40;101;101;peatland, ditched
15;1762;1;30.9.2006;+62.38.00;+23.16.00;110;3;HS;hm;;;;;;;;;;;;;;;;;;;;;;;;;;;;;;;;53;8100;0;0;0;50;101;101;peatland
15;1767;1;30.9.2006;+62.39.00;+23.34.00;110;3;AR;ab;;;;;;;;;;;;hab;0;;;;;;;;;;;;;;;;;;;53;6200;0;0;0;50;101;101;no
15;1769;1;30.9.2006;+62.39.00;+23.53.00;150;3;RG;ha;;sk;;;;;;;;;;;;;;;;;;;;;;;;;;;;;;53;6110;0;0;0;60;101;101;no
15;1776;1;30.9.2006;+62.40.00;+24.12.00;190;4;PZ;rs;;;;;;;;;;;;hsd;15;;;;;;;;;;;;;;;;;;;53;6110;0;0;0;60;101;101;no
15;1777;1;30.9.2006;+62.39.00;+24.31.00;220;5;PZ;cb;;ab;;;;;;;;;;hab;0;hsd;15;;;;;;;;;;;;;;;;;53;6110;0;0;0;70;101;101;no
15;1781;1;30.9.2006;+62.40.00;+24.49.00;170;4;AR;ha;;;;;;;;;;;;hab;0;;;;;;;;;;;;;;;;;;;53;6200;0;0;0;60;101;101;no
15;1793;1;30.9.2006;+62.40.00;+25.46.00;200;4;RG;ha;;;;;;;;;;;;;;;;;;;;;;;;;;;;;;;;53;6110;0;0;0;50;101;101;no
15;1797;1;30.9.2006;+62.41.00;+26.04.00;130;3;RG;ha;;ab;;;;;;;;;;hab;0;;;;;;;;;;;;;;;;;;;53;6110;0;0;0;60;101;101;no
15;1802;1;30.9.2006;+62.41.00;+26.23.00;140;3;PZ;rs;;;;;;;;;;;;hsd;40;;;;;;;;;;;;;;;;;;;53;6110;0;0;0;60;101;101;no
15;1805;1;30.9.2006;+62.41.00;+26.42.00;110;3;AR;ha;;;;;;;;;;;;;;;;;;;;;;;;;;;;;;;;53;6200;0;0;0;50;101;101;no
15;1809;1;30.9.2006;+62.41.00;+27.00.00;120;3;LP;ha;;;;;;;;;;;;ple;10;;;;;;;;;;;;;;;;;;;53;6110;0;0;0;10;10;10;10 cm to bedrock
15;1813;1;30.9.2006;+62.41.00;+27.19.00;140;3;PZ;rs;;;;;;;;;;;;hsd;10;;;;;;;;;;;;;;;;;;;53;6110;0;0;0;60;101;101;no
15;1820;1;30.9.2006;+62.41.00;+27.57.00;130;3;PZ;cb;;;;;;;;;;;;hsd;25;;;;;;;;;;;;;;;;;;;53;6110;0;0;0;50;101;101;no
15;1830;1;30.9.2006;+62.41.00;+28.34.00;110;3;AR;ha;;;;;;;;;;;;;;;;;;;;;;;;;;;;;;;;53;6200;0;0;0;50;101;101;no
15;1835;1;30.9.2006;+62.41.00;+28.53.00;110;3;CM;ha;;;;;;;;;;;;hcm;9;;;;;;;;;;;;;;;;;;;53;6110;0;0;0;50;101;101;no
15;1840;1;30.9.2006;+62.39.00;+29.30.00;120;3;RG;ha;;sk;;;;;;;;;;;;;;;;;;;;;;;;;;;;;;53;6110;0;0;0;70;101;101;no
15;1846;1;30.9.2006;+62.39.00;+29.49.00;90;2;RG;ng;;;;;;;;;;;;;;;;;;;;;;;;;;;;;;;;53;5220;1;1;2;30;101;101;40 cm to groundwater
15;1848;1;30.9.2006;+62.39.00;+30.08.00;130;3;PZ;cb;;dr;;;;;;;;;;hhi;-24;hsd;5;;;;;;;;;;;;;;;;;53;6110;1;1;2;10;101;101;20 to groundwater, ditched
15;1852;1;30.9.2006;+62.38.00;+30.26.00;170;4;RG;ha;;ab;;;;;;;;;;hab;15;;;;;;;;;;;;;;;;;;;53;6110;0;0;0;70;101;101;no
15;1856;1;30.9.2006;+62.38.00;+30.45.00;180;4;RG;ha;;;;;;;;;;;;;;;;;;;;;;;;;;;;;;;;53;5220;0;0;0;60;101;101;no
15;1868;1;30.9.2006;+62.43.00;+21.22.00;20;1;RG;ha;;;;;;;;;;;;;;;;;;;;;;;;;;;;;;;;53;6110;0;0;0;60;101;101;no
15;1882;1;30.9.2006;+62.45.00;+22.18.00;110;3;LP;ha;;;;;;;;;;;;ple;20;;;;;;;;;;;;;;;;;;;53;6110;0;0;0;20;20;20;20 cm to bedrock
15;1885;1;30.9.2006;+62.46.00;+22.56.00;60;2;HS;sa;;dr;;;;;;;;;;;;;;;;;;;;;;;;;;;;;;53;8100;0;0;0;40;101;101;peatland, ditched
15;1889;1;30.9.2006;+62.46.00;+23.15.00;110;3;HS;sa;;dr;;;;;;;;;;;;;;;;;;;;;;;;;;;;;;53;8100;0;0;0;50;101;101;peatland, ditched
15;1895;1;30.9.2006;+62.47.00;+23.33.00;100;2;RG;ha;;;;;;;;;;;;hab;0;;;;;;;;;;;;;;;;;;;53;6110;0;0;0;60;101;101;no
15;1897;1;30.9.2006;+62.47.00;+23.52.00;190;4;PZ;rs;;ab;;;;;;;;;;hab;0;hsd;15;;;;;;;;;;;;;;;;;53;6200;0;0;0;40;101;101;no
15;1901;1;30.9.2006;+62.48.00;+24.11.00;190;4;RG;ha;;ab;;;;;;;;;;hab;0;;;;;;;;;;;;;;;;;;;53;6110;0;0;0;50;101;101;no
15;1909;1;30.9.2006;+62.48.00;+24.49.00;170;4;PZ;rs;;;;;;;;;;;;hsd;15;;;;;;;;;;;;;;;;;;;53;6110;0;0;0;60;101;101;no
15;1913;1;30.9.2006;+62.49.00;+25.08.00;210;5;RG;ha;;;;;;;;;;;;;;;;;;;;;;;;;;;;;;;;53;6110;0;0;0;40;101;101;no
15;1917;1;30.9.2006;+62.49.00;+25.26.00;170;4;AR;ha;;;;;;;;;;;;;;;;;;;;;;;;;;;;;;;;53;6200;0;0;0;50;101;101;no
15;1921;1;30.9.2006;+62.49.00;+25.45.00;150;3;PZ;rs;;ab;;;;;;;;;;hab;0;hsd;7;;;;;;;;;;;;;;;;;53;6110;0;0;0;60;101;101;no
15;1927;1;30.9.2006;+62.49.00;+26.23.00;110;3;AR;ha;;;;;;;;;;;;;;;;;;;;;;;;;;;;;;;;53;6110;0;0;0;50;101;101;no
15;1930;1;30.9.2006;+62.49.00;+26.42.00;110;3;AR;ha;;;;;;;;;;;;;;;;;;;;;;;;;;;;;;;;53;6110;0;0;0;70;101;101;no
15;1944;1;30.9.2006;+62.49.00;+27.57.00;100;2;LP;hk;;;;;;;;;;;;;;;;;;;;;;;;;;;;;;;;53;6110;0;0;0;50;101;50;50 cm to boulder
15;1952;1;30.9.2006;+62.49.00;+28.35.00;160;4;RG;ha;;le;;;;;;;;;;ple;70;;;;;;;;;;;;;;;;;;;53;6110;0;0;0;60;70;70;70 to bedrock
15;1957;1;30.9.2006;+62.49.00;+28.53.00;120;3;RG;ha;;;;;;;;;;;;;;;;;;;;;;;;;;;;;;;;53;6110;0;0;0;70;101;101;no
15;1960;1;30.9.2006;+62.48.00;+29.12.00;90;2;RG;ha;;;;;;;;;;;;;;;;;;;;;;;;;;;;;;;;53;6110;0;0;0;60;101;101;no
15;1969;1;30.9.2006;+62.48.00;+29.50.00;120;3;RG;ha;;;;;;;;;;;;hab;0;;;;;;;;;;;;;;;;;;;53;6110;0;0;0;50;101;101;no
15;1976;1;30.9.2006;+62.47.00;+30.27.00;140;3;RG;ha;;;;;;;;;;;;;;;;;;;;;;;;;;;;;;;;53;6110;0;0;0;60;101;101;no
15;1980;1;30.9.2006;+62.46.00;+30.46.00;170;4;RG;ha;;;;;;;;;;;;hab;0;;;;;;;;;;;;;;;;;;;53;6110;0;0;0;70;101;101;no
15;1984;1;30.9.2006;+62.46.00;+31.05.00;150;3;HS;hm;;dr;;;;;;;;;;;;;;;;;;;;;;;;;;;;;;53;8100;0;0;0;50;101;101;peatland, ditched
15;1988;1;30.9.2006;+62.45.00;+31.24.00;180;4;RG;ha;;ab;;;;;;;;;;hab;0;;;;;;;;;;;;;;;;;;;53;6110;0;0;0;60;101;101;no
15;1994;1;30.9.2006;+62.51.00;+21.21.00;10;1;RG;ha;;;;;;;;;;;;;;;;;;;;;;;;;;;;;;;;53;6110;0;0;0;70;101;101;no
15;1997;1;30.9.2006;+62.52.00;+21.40.00;20;1;RG;ha;;;;;;;;;;;;;;;;;;;;;;;;;;;;;;;;53;6110;0;0;0;50;101;101;no
15;2001;1;30.9.2006;+62.53.00;+21.58.00;40;1;CM;ha;;sk;;;;;;;;;;hcm;10;;;;;;;;;;;;;;;;;;;53;5220;0;0;0;40;101;40;40 cm to boulder
15;2005;1;30.9.2006;+62.53.00;+22.17.00;50;1;AR;ha;;;;;;;;;;;;;;;;;;;;;;;;;;;;;;;;53;6110;0;0;0;70;101;101;no
15;2009;1;30.9.2006;+62.54.00;+22.36.00;40;1;RG;ha;;sk;;;;;;;;;;;;;;;;;;;;;;;;;;;;;;53;6110;0;0;0;60;101;70;70 cm to boulder
15;2012;1;30.9.2006;+62.54.00;+22.55.00;50;1;HS;hm;;dr;;;;;;;;;;;;;;;;;;;;;;;;;;;;;;53;8100;2;2;2;50;101;101;peatland, ditched
15;2018;1;30.9.2006;+62.55.00;+23.14.00;70;2;PZ;rs;;ab;;;;;;;;;;hab;0;hsd;10;;;;;;;;;;;;;;;;;53;6200;0;0;0;60;101;101;no
15;2020;1;30.9.2006;+62.55.00;+23.32.00;110;3;RG;ng;;;;;;;;;;;;;;;;;;;;;;;;;;;;;;;;53;6110;0;0;0;50;101;101;no
15;2024;1;30.9.2006;+62.56.00;+23.51.00;150;3;PZ;rs;;;;;;;;;;;;hsd;10;;;;;;;;;;;;;;;;;;;53;6110;0;0;0;60;101;101;no
15;2028;1;30.9.2006;+62.56.00;+24.10.00;180;4;RG;ng;;;;;;;;;;;;hhi;-11;;;;;;;;;;;;;;;;;;;53;6110;0;0;0;50;101;101;no
15;2032;1;30.9.2006;+62.57.00;+24.29.00;210;5;PZ;cb;;dr;;;;;;;;;;hab;0;hhi;-11;hsd;18;;;;;;;;;;;;;;;53;6110;0;0;0;50;101;101;ditched
15;2036;1;30.9.2006;+62.57.00;+24.48.00;190;4;RG;ha;;;;;;;;;;;;hab;0;;;;;;;;;;;;;;;;;;;53;6110;0;0;0;60;101;101;no
15;2044;1;30.9.2006;+62.57.00;+25.26.00;130;3;RG;ha;;;;;;;;;;;;;;;;;;;;;;;;;;;;;;;;53;6110;0;0;0;40;101;101;no
15;2048;1;30.9.2006;+62.58.00;+25.45.00;120;3;RG;ha;;;;;;;;;;;;;;;;;;;;;;;;;;;;;;;;53;5220;0;0;0;40;101;101;no
15;2052;1;30.9.2006;+62.58.00;+26.04.00;120;3;CM;ha;;;;;;;;;;;;hcm;7;;;;;;;;;;;;;;;;;;;53;6110;0;0;0;40;101;70;70 cm to boulder
15;2056;1;30.9.2006;+62.58.00;+26.23.00;150;3;HS;sa;;;;;;;;;;;;;;;;;;;;;;;;;;;;;;;;53;8100;0;0;0;40;101;101;Peat 50 cm
15;2064;1;30.9.2006;+62.58.00;+27.00.00;120;3;RG;ha;;et;;;;;;;;;;;;;;;;;;;;;;;;;;;;;;53;6110;0;0;0;60;101;101;no
15;2068;1;30.9.2006;+62.58.00;+27.19.00;110;3;RG;ha;;le;;;;;;;;;;ple;50;;;;;;;;;;;;;;;;;;;53;6110;0;0;0;50;50;50;50 to bedrock
15;2085;1;30.9.2006;+62.57.00;+28.54.00;140;3;RG;ha;;ab;;;;;;;;;;hab;0;;;;;;;;;;;;;;;;;;;53;6110;0;0;0;60;101;101;no
15;2095;1;30.9.2006;+62.57.00;+29.32.00;90;2;RG;ha;;;;;;;;;;;;;;;;;;;;;;;;;;;;;;;;53;6110;0;0;0;50;101;101;no
15;2100;1;30.9.2006;+62.57.00;+29.51.00;170;4;LP;hk;;;;;;;;;;;;;;;;;;;;;;;;;;;;;;;;53;6110;0;0;0;70;101;70;70 cm to boulder
15;2103;1;30.9.2006;+62.56.00;+30.28.00;210;5;PZ;rs;;ab;;;;;;;;;;hab;0;hsd;13;;;;;;;;;;;;;;;;;53;6110;0;0;0;60;101;101;no
15;2107;1;30.9.2006;+62.54.00;+31.06.00;180;4;RG;ha;;;;;;;;;;;;;;;;;;;;;;;;;;;;;;;;53;6110;0;0;0;60;101;101;no
15;2125;1;30.9.2006;+63.01.00;+21.57.00;10;1;HS;sa;;dr;;;;;;;;;;;;;;;;;;;;;;;;;;;;;;53;8100;0;0;0;40;101;101;peatland, ditched
15;2128;1;30.9.2006;+63.02.00;+22.16.00;30;1;PZ;rs;;;;;;;;;;;;hsd;15;;;;;;;;;;;;;;;;;;;53;6110;0;0;0;60;101;101;no
15;2137;1;30.9.2006;+63.04.00;+23.13.00;50;1;CM;ha;;hi;;;;;;;;;;hcm;3;hhi;-12;;;;;;;;;;;;;;;;;53;5220;0;0;0;50;101;101;no
15;2140;1;30.9.2006;+63.04.00;+23.31.00;100;2;RG;ha;;;;;;;;;;;;hfo;-12;;;;;;;;;;;;;;;;;;;53;6200;0;0;0;40;101;101;no
15;2147;1;30.9.2006;+63.05.00;+24.09.00;160;4;RG;ha;;ab;;;;;;;;;;hab;0;;;;;;;;;;;;;;;;;;;53;6200;0;0;0;50;101;101;no
15;2156;1;30.9.2006;+63.06.00;+24.47.00;210;5;RG;ha;;;;;;;;;;;;hab;0;;;;;;;;;;;;;;;;;;;53;6110;0;0;0;70;101;101;no
15;2162;1;30.9.2006;+63.06.00;+25.25.00;130;3;CM;ha;;;;;;;;;;;;hcm;5;;;;;;;;;;;;;;;;;;;53;6110;0;0;0;40;101;101;no
15;2166;1;30.9.2006;+63.06.00;+25.44.00;100;2;RG;ha;;ab;;;;;;;;;;hab;0;;;;;;;;;;;;;;;;;;;53;6110;0;0;0;50;101;101;no
15;2170;1;30.9.2006;+63.06.00;+26.03.00;120;3;HS;hm;;dr;;;;;;;;;;;;;;;;;;;;;;;;;;;;;;53;8100;2;2;2;50;101;101;peatland, ditched
15;2174;1;30.9.2006;+63.07.00;+26.22.00;140;3;AR;ab;;;;;;;;;;;;hab;0;;;;;;;;;;;;;;;;;;;53;6200;0;0;0;50;101;101;no
15;2178;1;30.9.2006;+63.07.00;+26.41.00;110;3;PZ;rs;;;;;;;;;;;;hsd;4;;;;;;;;;;;;;;;;;;;53;6110;0;0;0;50;101;101;no
15;2183;1;30.9.2006;+63.07.00;+27.00.00;150;3;PZ;rs;;ab;;;;;;;;;;hab;0;hsd;11;;;;;;;;;;;;;;;;;53;6200;0;0;0;60;101;101;no
15;2190;1;30.9.2006;+63.07.00;+27.39.00;100;2;CM;le;;;;;;;;;;;;hcm;5;ple;60;;;;;;;;;;;;;;;;;53;5220;0;0;0;50;60;60;60 cm to bedrock
15;2198;1;30.9.2006;+63.07.00;+28.17.00;110;3;RG;ha;;;;;;;;;;;;;;;;;;;;;;;;;;;;;;;;53;6110;0;0;0;60;101;101;no
15;2201;1;30.9.2006;+63.06.00;+28.36.00;170;4;LP;ha;;;;;;;;;;;;ple;20;;;;;;;;;;;;;;;;;;;53;6110;0;0;0;20;20;20;20 cm to bedrock
15;2208;1;30.9.2006;+63.06.00;+29.14.00;170;4;GL;sd;;;;;;;;;;;;hsd;15;pgl;40;prd;40;;;;;;;;;;;;;;;53;6110;1;1;2;20;101;101;30 cm to groundwater
15;2214;1;30.9.2006;+63.06.00;+29.33.00;160;4;RG;ha;;le;;;;;;;;;;ple;50;;;;;;;;;;;;;;;;;;;53;6110;0;0;0;50;50;50;50 cm to bedrock
15;2220;1;30.9.2006;+63.04.00;+30.11.00;160;4;HS;hm;;dr;;;;;;;;;;;;;;;;;;;;;;;;;;;;;;53;8100;0;0;0;50;101;101;peatland, ditched
15;2224;1;30.9.2006;+63.04.00;+30.29.00;190;4;RG;ha;;ab;;;;;;;;;;hab;0;;;;;;;;;;;;;;;;;;;53;6110;0;0;0;60;101;101;no
15;2228;1;30.9.2006;+63.04.00;+30.48.00;160;4;PZ;rs;;ab;;;;;;;;;;hab;0;hsd;10;;;;;;;;;;;;;;;;;53;6200;0;0;0;50;101;101;no
15;2233;1;30.9.2006;+63.03.00;+31.07.00;180;4;HS;sa;;dr;;;;;;;;;;;;;;;;;;;;;;;;;;;;;;53;8100;1;1;2;50;101;101;peatland, ditched
15;2238;1;30.9.2006;+63.09.00;+21.36.00;10;1;HS;hm;;dr;;;;;;;;;;;;;;;;;;;;;;;;;;;;;;53;8100;2;2;2;60;101;101;peatland, ditched
15;2247;1;30.9.2006;+63.11.00;+22.14.00;20;1;RG;ha;;;;;;;;;;;;;;;;;;;;;;;;;;;;;;;;53;6200;0;0;0;50;101;101;no
15;2258;1;30.9.2006;+63.12.00;+23.11.00;80;2;PZ;rs;;ab;;;;;;;;;;hab;0;hsd;24;;;;;;;;;;;;;;;;;53;6200;0;0;0;50;101;101;no
15;2262;1;30.9.2006;+63.13.00;+23.30.00;100;2;AR;ab;;;;;;;;;;;;hab;0;;;;;;;;;;;;;;;;;;;53;6200;0;0;0;60;101;101;no
15;2267;1;30.9.2006;+63.13.00;+23.49.00;100;2;RG;ha;;;;;;;;;;;;;;;;;;;;;;;;;;;;;;;;53;6200;0;0;0;60;101;101;no
15;2272;1;30.9.2006;+63.14.00;+24.09.00;140;3;RG;ha;;;;;;;;;;;;;;;;;;;;;;;;;;;;;;;;53;6200;0;0;0;50;101;101;no
15;2277;1;30.9.2006;+63.15.00;+24.28.00;180;4;AR;ng;;;;;;;;;;;;;;;;;;;;;;;;;;;;;;;;53;6200;2;2;2;50;101;101;70 cm to groundwater
15;2282;1;30.9.2006;+63.14.00;+25.06.00;150;3;PZ;rs;;le;;;;;;;;;;hsd;19;ple;60;;;;;;;;;;;;;;;;;53;6110;0;0;0;60;60;60;60 cm to bedrock
15;2288;1;30.9.2006;+63.15.00;+25.25.00;150;3;RG;ha;;ab;;;;;;;;;;hab;0;;;;;;;;;;;;;;;;;;;53;6110;0;0;0;50;101;101;no
15;2296;1;30.9.2006;+63.15.00;+26.22.00;150;3;RG;ha;;;;;;;;;;;;;;;;;;;;;;;;;;;;;;;;53;6110;0;0;0;50;101;101;no
15;2302;1;30.9.2006;+63.15.00;+27.00.00;150;3;CM;ha;;;;;;;;;;;;hcm;5;;;;;;;;;;;;;;;;;;;53;6110;0;0;0;60;101;101;no
15;2306;1;30.9.2006;+63.15.00;+27.20.00;90;2;RG;ha;;;;;;;;;;;;;;;;;;;;;;;;;;;;;;;;53;5220;2;2;2;60;101;101;70 cm to groundwater
15;2317;1;30.9.2006;+63.16.00;+27.58.00;150;3;RG;ha;;;;;;;;;;;;;;;;;;;;;;;;;;;;;;;;53;6110;0;0;0;60;101;101;no
15;2327;1;30.9.2006;+63.15.00;+28.55.00;210;5;PZ;rs;;ab;;;;;;;;;;hab;0;hsd;7;;;;;;;;;;;;;;;;;53;6110;0;0;0;70;101;101;no
15;2339;1;30.9.2006;+63.13.00;+30.11.00;150;3;PZ;rs;;ab;;;;;;;;;;hab;0;hsd;20;;;;;;;;;;;;;;;;;53;6110;0;0;0;60;101;101;no
15;2343;1;30.9.2006;+63.13.00;+30.31.00;200;4;PZ;os;;ab;;;;;;;;;;hab;0;hsd;24;;;;;;;;;;;;;;;;;53;6110;0;0;0;40;101;40;40 cm to impermeable ortstein
15;2347;1;30.9.2006;+63.12.00;+30.50.00;180;4;PZ;rs;;;;;;;;;;;;hsd;7;;;;;;;;;;;;;;;;;;;53;6110;0;0;0;60;101;101;no
15;2351;1;30.9.2006;+63.12.00;+31.09.00;250;5;RG;ha;;ab;;;;;;;;;;hab;0;;;;;;;;;;;;;;;;;;;53;6110;0;0;0;70;101;101;no
15;2362;1;30.9.2006;+63.19.00;+22.13.00;10;1;RG;ha;;hi;;;;;;;;;;hhi;-19;;;;;;;;;;;;;;;;;;;53;5220;0;0;0;30;101;101;histic H 20 cm
15;2370;1;30.9.2006;+63.20.00;+22.51.00;50;1;PZ;rs;;ab;;;;;;;;;;hab;0;hsd;14;;;;;;;;;;;;;;;;;53;5220;0;0;0;60;101;101;no
15;2378;1;30.9.2006;+63.21.00;+23.29.00;70;2;RG;ha;;;;;;;;;;;;;;;;;;;;;;;;;;;;;;;;53;6200;0;0;0;50;101;101;no
15;2386;1;30.9.2006;+63.22.00;+24.08.00;140;3;GL;hi;;dr;;;;;;;;;;hhi;-37;pgl;30;prd;30;;;;;;;;;;;;;;;53;8100;1;1;0;40;101;101;peat 37 cm, 15 cm to groundwater, ditched
15;2399;1;30.9.2006;+63.23.00;+25.05.00;160;4;PZ;rs;;ab;;;;;;;;;;hab;0;hsd;15;;;;;;;;;;;;;;;;;53;6200;0;0;0;60;101;101;no
15;2403;1;30.9.2006;+63.23.00;+25.44.00;150;3;RG;ha;;;;;;;;;;;;;;;;;;;;;;;;;;;;;;;;53;6110;0;0;0;40;101;40;40 cm to boulder
15;2409;1;30.9.2006;+63.24.00;+26.03.00;170;4;RG;ha;;;;;;;;;;;;;;;;;;;;;;;;;;;;;;;;53;6110;0;0;0;60;101;101;no
15;2415;1;30.9.2006;+63.24.00;+26.41.00;140;3;HS;sa;;dr;;;;;;;;;;;;;;;;;;;;;;;;;;;;;;53;8100;0;0;0;40;101;101;peatland, ditched
15;2419;1;30.9.2006;+63.24.00;+27.00.00;190;4;PZ;rs;;;;;;;;;;;;hsd;8;;;;;;;;;;;;;;;;;;;53;6110;0;0;0;50;101;101;no
15;2426;1;30.9.2006;+63.24.00;+27.39.00;160;4;PZ;rs;;ab;;;;;;;;;;hab;0;hsd;10;;;;;;;;;;;;;;;;;53;6110;0;0;0;50;101;101;no
15;2429;1;30.9.2006;+63.24.00;+27.58.00;110;3;HS;hm;;dr;;;;;;;;;;;;;;;;;;;;;;;;;;;;;;53;8100;0;0;0;40;101;101;peatland, ditched
15;2433;1;30.9.2006;+63.23.00;+28.17.00;130;3;RG;ha;;;;;;;;;;;;hab;0;;;;;;;;;;;;;;;;;;;53;6110;0;0;0;60;101;101;no
15;2437;1;30.9.2006;+63.23.00;+28.37.00;180;4;PZ;rs;;ab;;;;;;;;;;hab;0;hsd;6;;;;;;;;;;;;;;;;;53;6110;0;0;0;50;101;101;no
15;2444;1;30.9.2006;+63.24.00;+28.56.00;240;5;HS;hm;;dr;;;;;;;;;;;;;;;;;;;;;;;;;;;;;;53;8100;1;1;2;30;101;101;peatland, ditched
15;2447;1;30.9.2006;+63.23.00;+29.34.00;160;4;RG;ha;;;;;;;;;;;;;;;;;;;;;;;;;;;;;;;;53;6110;0;0;0;50;101;101;no
15;2453;1;30.9.2006;+63.23.00;+29.53.00;130;3;PZ;gl;;dr;;;;;;;;;;hhi;-19;hsd;10;;;;;;;;;;;;;;;;;53;6110;0;0;0;40;101;101;histic H 19 cm, ditched
15;2457;1;30.9.2006;+63.21.00;+30.32.00;170;4;PZ;rs;;ab;;;;;;;;;;hab;0;hsd;8;;;;;;;;;;;;;;;;;53;6110;0;0;0;60;101;101;no
15;2460;1;30.9.2006;+63.21.00;+30.51.00;150;3;PZ;rs;;ab;;;;;;;;;;hab;0;hsd;4;;;;;;;;;;;;;;;;;53;6110;0;0;0;60;101;101;no
15;2478;1;30.9.2006;+63.29.00;+23.09.00;60;2;RG;ha;;;;;;;;;;;;;;;;;;;;;;;;;;;;;;;;53;6110;0;0;0;60;101;101;no
15;2494;1;30.9.2006;+63.31.00;+24.26.00;150;3;HS;sa;;dr;;;;;;;;;;;;;;;;;;;;;;;;;;;;;;53;8100;0;0;0;50;101;101;peatland, ditched
15;2502;1;30.9.2006;+63.32.00;+25.05.00;170;4;LP;ha;;;;;;;;;;;;hab;0;ple;20;;;;;;;;;;;;;;;;;53;6200;0;0;0;20;20;20;20 cm to bedrock
15;2508;1;30.9.2006;+63.32.00;+25.43.00;170;4;RG;ha;;;;;;;;;;;;hab;0;;;;;;;;;;;;;;;;;;;53;6110;0;0;0;40;101;40;40 cm to boulder
15;2512;1;30.9.2006;+63.32.00;+26.03.00;160;4;AR;ng;;dr;;;;;;;;;;hhi;-13;;;;;;;;;;;;;;;;;;;53;6200;2;2;2;40;101;101;histic H 13 cm, ditched
15;2517;1;30.9.2006;+63.33.00;+26.22.00;150;3;RG;ha;;;;;;;;;;;;;;;;;;;;;;;;;;;;;;;;53;6110;0;0;0;50;101;101;no
15;2520;1;30.9.2006;+63.32.00;+26.41.00;160;4;LP;ha;;;;;;;;;;;;ple;20;;;;;;;;;;;;;;;;;;;53;6110;0;0;0;25;24;24;25 cm to bedrock
15;2528;1;30.9.2006;+63.32.00;+27.20.00;110;3;CM;ha;;;;;;;;;;;;hcm;7;;;;;;;;;;;;;;;;;;;53;6110;0;0;0;40;101;101;very hard silt layer in C horizon
15;2539;1;30.9.2006;+63.32.00;+28.18.00;170;4;PZ;cb;;ab;;;;;;;;;;hab;0;hsd;11;;;;;;;;;;;;;;;;;53;6110;0;0;0;50;101;101;no
15;2547;1;30.9.2006;+63.32.00;+28.56.00;100;2;CM;ha;;;;;;;;;;;;hcm;5;;;;;;;;;;;;;;;;;;;53;5220;0;0;0;60;101;101;no
15;2551;1;30.9.2006;+63.31.00;+29.16.00;120;3;RG;ha;;;;;;;;;;;;;;;;;;;;;;;;;;;;;;;;53;5220;0;0;0;50;101;101;no
15;2555;1;30.9.2006;+63.31.00;+29.35.00;120;3;AR;ha;;;;;;;;;;;;;;;;;;;;;;;;;;;;;;;;53;6200;0;0;0;50;101;101;no
15;2559;1;30.9.2006;+63.31.00;+29.54.00;140;3;HS;sa;;dr;;;;;;;;;;;;;;;;;;;;;;;;;;;;;;53;8100;1;1;2;30;101;101;peatland, ditched
15;2563;1;30.9.2006;+63.30.00;+30.13.00;160;4;RG;ha;;;;;;;;;;;;hab;0;;;;;;;;;;;;;;;;;;;53;6110;0;0;0;60;101;101;no
15;2569;1;30.9.2006;+63.38.00;+22.49.00;10;1;RG;ha;;;;;;;;;;;;hab;0;;;;;;;;;;;;;;;;;;;53;6110;0;0;0;60;101;101;no
15;2572;1;30.9.2006;+63.38.00;+23.08.00;30;1;RG;ha;;;;;;;;;;;;;;;;;;;;;;;;;;;;;;;;53;6200;0;0;0;50;101;101;no
15;2582;1;30.9.2006;+63.39.00;+23.47.00;90;2;LP;hk;;;;;;;;;;;;;;;;;;;;;;;;;;;;;;;;53;6110;0;0;0;70;101;101;no
15;2589;1;30.9.2006;+63.40.00;+24.25.00;140;3;PZ;rs;;;;;;;;;;;;hsd;24;;;;;;;;;;;;;;;;;;;53;6200;0;0;0;40;101;101;no
15;2592;1;30.9.2006;+63.40.00;+24.45.00;130;3;RG;ha;;ab;;;;;;;;;;hab;0;;;;;;;;;;;;;;;;;;;53;6200;0;0;0;70;101;101;no
15;2600;1;30.9.2006;+63.41.00;+25.24.00;100;2;HS;hm;;dr;;;;;;;;;;;;;;;;;;;;;;;;;;;;;;53;8100;0;0;0;50;101;101;peatland, ditched
15;2615;1;30.9.2006;+63.41.00;+26.41.00;130;3;GL;hi;;dr;;;;;;;;;;hhi;-31;pgl;40;prd;40;;;;;;;;;;;;;;;53;6110;1;1;2;10;101;101;histic H 31 cm, 20 cm to groundwater, ditched
15;2620;1;30.9.2006;+63.41.00;+27.20.00;170;4;HS;hm;;dr;;;;;;;;;;;;;;;;;;;;;;;;;;;;;;53;8100;1;1;2;40;101;101;peatland, ditched
15;2624;1;30.9.2006;+63.41.00;+27.39.00;170;4;PZ;rs;;;;;;;;;;;;hsd;4;;;;;;;;;;;;;;;;;;;53;6110;0;0;0;60;101;101;no
15;2627;1;30.9.2006;+63.41.00;+27.59.00;180;4;GL;hi;;;;;;;;;;;;hhi;-12;pgl;50;prd;40;;;;;;;;;;;;;;;53;6110;1;1;2;40;101;101;50 cm to groundwater
15;2636;1;30.9.2006;+63.41.00;+28.38.00;140;3;CM;ng;;hi;;;;;;;;;;hcm;10;hhi;-14;;;;;;;;;;;;;;;;;53;5220;2;2;2;40;101;101;60 cm to groundwater
15;2646;1;30.9.2006;+63.40.00;+29.36.00;180;4;AR;ha;;;;;;;;;;;;;;;;;;;;;;;;;;;;;;;;53;6110;0;0;0;50;101;101;no
15;2650;1;30.9.2006;+63.39.00;+29.55.00;130;3;PZ;cb;;;;;;;;;;;;hhi;-13;hsd;8;;;;;;;;;;;;;;;;;53;6110;2;2;2;40;60;60;60 cm to bedrock and groundwater
15;2668;1;30.9.2006;+63.48.00;+23.46.00;70;2;LP;hk;;;;;;;;;;;;;;;;;;;;;;;;;;;;;;;;53;6110;0;0;0;50;101;10;10 cm to boulder
15;2670;1;30.9.2006;+63.48.00;+24.05.00;100;2;AR;ha;;;;;;;;;;;;hab;0;;;;;;;;;;;;;;;;;;;53;6110;0;0;0;50;101;101;no
15;2679;1;30.9.2006;+63.49.00;+24.44.00;120;3;RG;ha;;;;;;;;;;;;;;;;;;;;;;;;;;;;;;;;53;6110;0;0;0;60;101;101;no
15;2682;1;30.9.2006;+63.49.00;+25.04.00;90;2;HS;sa;;dr;;;;;;;;;;;;;;;;;;;;;;;;;;;;;;53;8100;0;0;0;40;101;101;peatland, ditched
15;2687;1;30.9.2006;+63.49.00;+25.23.00;110;3;RG;ha;;;;;;;;;;;;;;;;;;;;;;;;;;;;;;;;53;6110;0;0;0;40;101;101;no
15;2689;1;30.9.2006;+63.49.00;+25.42.00;150;3;PZ;rs;;;;;;;;;;;;hsd;15;;;;;;;;;;;;;;;;;;;53;6200;0;0;0;50;101;101;no
15;2693;1;30.9.2006;+63.49.00;+26.02.00;160;4;LP;ha;;;;;;;;;;;;ple;20;;;;;;;;;;;;;;;;;;;53;6110;0;0;0;20;20;20;20 cm to bedrock
15;2697;1;30.9.2006;+63.50.00;+26.22.00;140;3;RG;ha;;;;;;;;;;;;;;;;;;;;;;;;;;;;;;;;53;6110;0;0;0;50;101;101;no
15;2702;1;30.9.2006;+63.50.00;+26.41.00;140;3;RG;ng;;dr;;;;;;;;;;hhi;-13;;;;;;;;;;;;;;;;;;;53;5220;2;2;2;50;101;101;70 cm to groundwater, ditched
15;2705;1;30.9.2006;+63.50.00;+27.00.00;150;3;PZ;rs;;ab;;;;;;;;;;hab;0;hsd;10;;;;;;;;;;;;;;;;;53;6110;0;0;0;60;101;101;no
15;2709;1;30.9.2006;+63.50.00;+27.20.00;150;3;RG;ha;;;;;;;;;;;;hab;0;;;;;;;;;;;;;;;;;;;53;6110;0;0;0;60;101;101;no
15;2713;1;30.9.2006;+63.50.00;+27.40.00;180;4;HS;hm;;dr;;;;;;;;;;;;;;;;;;;;;;;;;;;;;;53;8100;1;1;2;50;101;101;peatland, ditched
15;2717;1;30.9.2006;+63.49.00;+27.59.00;170;4;PZ;ab;;gl;;;;;;;;;;hab;0;hsd;15;;;;;;;;;;;;;;;;;53;6110;2;2;2;50;101;101;70 cm to groundwater
15;2721;1;30.9.2006;+63.49.00;+28.18.00;280;6;PZ;rs;;ab;;;;;;;;;;hab;0;hsd;5;;;;;;;;;;;;;;;;;53;6110;0;0;0;50;101;70;70 cm to boulder
15;2725;1;30.9.2006;+63.49.00;+28.38.00;180;4;PZ;rs;;le;;;;;;;;;;hsd;5;ple;30;;;;;;;;;;;;;;;;;53;6110;0;0;0;30;30;30;30 cm to bedrock
15;2731;1;30.9.2006;+63.49.00;+28.58.00;190;4;RG;ha;;ab;;;;;;;;;;hab;0;;;;;;;;;;;;;;;;;;;53;6110;0;0;0;60;101;101;no
15;2736;1;30.9.2006;+63.49.00;+29.17.00;210;5;PZ;cb;;ab;;;;;;;;;;hab;0;hsd;26;;;;;;;;;;;;;;;;;53;6110;2;2;2;50;101;101;no
15;2737;1;30.9.2006;+63.48.00;+29.36.00;270;6;PZ;cb;;;;;;;;;;;;hhi;-13;hsd;7;;;;;;;;;;;;;;;;;53;6110;0;0;0;50;101;101;no
15;2751;1;30.9.2006;+63.56.00;+23.45.00;30;1;RG;ng;;hi;;dr;;;;;;;;hhi;-26;;;;;;;;;;;;;;;;;;;53;5220;0;0;0;20;101;101;histic H 26 cm, ditched
15;2759;1;30.9.2006;+63.57.00;+24.24.00;90;2;HS;hm;;dr;;;;;;;;;;;;;;;;;;;;;;;;;;;;;;53;8100;2;2;2;30;101;101;peatland, ditched
15;2787;1;30.9.2006;+63.58.00;+27.01.00;210;5;PZ;rs;;ab;;;;;;;;;;hab;0;hsd;11;ple;60;;;;;;;;;;;;;;;53;6110;0;0;0;50;50;50;50 cm to bedrock
15;2795;1;30.9.2006;+63.58.00;+27.40.00;170;4;LP;hk;;;;;;;;;;;;;;;;;;;;;;;;;;;;;;;;53;6110;0;0;0;50;101;70;70 cm to boulder
15;2803;1;30.9.2006;+63.58.00;+28.19.00;200;4;PZ;rs;;;;;;;;;;;;hab;0;hsd;6;;;;;;;;;;;;;;;;;53;6110;0;0;0;50;101;60;60 cm to boulder
15;2807;1;30.9.2006;+63.58.00;+28.39.00;190;4;HS;hm;;dr;;;;;;;;;;;;;;;;;;;;;;;;;;;;;;53;8100;0;0;0;40;101;101;peatland, ditched
15;2811;1;30.9.2006;+63.57.00;+28.58.00;220;5;RG;ha;;;;;;;;;;;;hab;0;;;;;;;;;;;;;;;;;;;53;6200;0;0;0;60;101;101;no
15;2826;1;30.9.2006;+63.56.00;+30.16.00;240;5;PZ;cb;;hi;;;;;;;;;;hhi;-25;hsd;8;;;;;;;;;;;;;;;;;53;5220;1;1;2;30;101;101;histic H 25 cm, 50 cm to grounwater
15;2833;1;30.9.2006;+64.05.00;+23.44.00;20;1;RG;ha;;sk;;;;;;;;;;;;;;;;;;;;;;;;;;;;;;53;6110;0;0;0;20;101;101;no
15;2841;1;30.9.2006;+64.05.00;+24.23.00;60;2;PZ;cb;;;;;;;;;;;;hsd;6;;;;;;;;;;;;;;;;;;;53;6110;1;1;2;20;101;101;40 cm to groundwater
15;2845;1;30.9.2006;+64.06.00;+24.43.00;80;2;GL;hi;;dr;;;;;;;;;;hhi;-30;pgl;20;prd;20;;;;;;;;;;;;;;;53;6110;1;1;2;10;101;101;histic H 30 cm, 10 cm to groundwater, ditched
15;2853;1;30.9.2006;+64.06.00;+25.22.00;110;3;PZ;cb;;dr;;;;;;;;;;hhi;-12;hsd;21;;;;;;;;;;;;;;;;;53;6200;1;1;2;20;101;101;50 cm to groundwater, ditched
15;2861;1;30.9.2006;+64.07.00;+26.01.00;130;3;HS;sa;;dr;;;;;;;;;;;;;;;;;;;;;;;;;;;;;;53;8100;0;0;0;30;101;101;peatland, ditched
15;2865;1;30.9.2006;+64.07.00;+26.21.00;130;3;PZ;cb;;ab;;;;;;;;;;hab;0;hsd;9;;;;;;;;;;;;;;;;;53;6110;0;0;0;60;101;101;no
15;2869;1;30.9.2006;+64.07.00;+26.41.00;160;4;PZ;rs;;hk;;;;;;;;;;hsd;10;;;;;;;;;;;;;;;;;;;53;6110;0;0;0;40;101;40;40 cm to boulder
15;2877;1;30.9.2006;+64.07.00;+27.20.00;130;3;CM;ha;;;;;;;;;;;;hcm;5;;;;;;;;;;;;;;;;;;;53;5220;0;0;0;30;101;101;no
15;2881;1;30.9.2006;+64.07.00;+27.40.00;210;5;PZ;rs;;;;;;;;;;;;hsd;16;;;;;;;;;;;;;;;;;;;53;6200;0;0;0;50;101;50;50 cm to boulder
15;2886;1;30.9.2006;+64.07.00;+28.00.00;250;5;PZ;rs;;;;;;;;;;;;hsd;16;ple;40;;;;;;;;;;;;;;;;;53;6110;0;0;0;40;40;40;40 cm to bedrock
15;2893;1;30.9.2006;+64.06.00;+28.39.00;140;3;HS;sa;;dr;;;;;;;;;;;;;;;;;;;;;;;;;;;;;;53;8100;1;1;2;40;101;101;peatland, ditched
15;2902;1;30.9.2006;+64.06.00;+29.18.00;180;4;PZ;cb;;ab;;;;;;;;;;hab;0;hsd;13;;;;;;;;;;;;;;;;;53;6200;2;2;2;30;101;101;60 cm to groundwater
15;2913;1;30.9.2006;+64.05.00;+30.17.00;240;5;RG;ha;;;;;;;;;;;;hab;0;;;;;;;;;;;;;;;;;;;53;6200;0;0;0;40;101;101;no
15;2923;1;30.9.2006;+64.14.00;+24.42.00;60;2;PZ;cb;;;;;;;;;;;;hsd;8;;;;;;;;;;;;;;;;;;;53;6110;1;1;2;30;101;101;40 cm to groundwater
15;2939;1;30.9.2006;+64.15.00;+26.01.00;80;2;RG;ha;;;;;;;;;;;;hab;0;;;;;;;;;;;;;;;;;;;53;6110;0;0;0;60;101;101;no
15;2943;1;30.9.2006;+64.15.00;+26.21.00;110;3;PZ;cb;;ab;;;;;;;;;;hsd;25;;;;;;;;;;;;;;;;;;;53;6110;0;0;0;60;101;70;70 cm to boulder
15;2959;1;30.9.2006;+64.15.00;+27.40.00;150;3;LP;li;;;;;;;;;;;;ple;6;;;;;;;;;;;;;;;;;;;53;6110;0;0;0;6;6;6;6 cm to bedrock
15;2969;1;30.9.2006;+64.16.00;+28.20.00;220;5;RG;ha;;ab;;;;;;;;;;hab;0;;;;;;;;;;;;;;;;;;;53;6110;0;0;0;60;101;101;no
15;2971;1;30.9.2006;+64.15.00;+28.40.00;200;4;AR;ab;;;;;;;;;;;;hab;0;;;;;;;;;;;;;;;;;;;53;6110;0;0;0;60;101;101;no
15;2975;1;30.9.2006;+64.15.00;+28.59.00;170;4;HS;sa;;dr;;;;;;;;;;;;;;;;;;;;;;;;;;;;;;53;8100;0;0;0;30;101;101;peatland, ditched
15;2987;1;30.9.2006;+64.14.00;+29.59.00;200;4;RG;le;;le;;;;;;;;;;hab;0;ple;30;;;;;;;;;;;;;;;;;53;6200;0;0;0;30;30;30;30 cm to bedrock
15;2996;1;30.9.2006;+64.23.00;+24.21.00;30;1;RG;ng;;;;;;;;;;;;;;;;;;;;;;;;;;;;;;;;53;6200;2;2;2;30;101;101;70 cm to groundwater
15;2998;1;30.9.2006;+64.23.00;+24.41.00;90;2;RG;ng;;dr;;;;;;;;;;hab;0;hhi;-18;;;;;;;;;;;;;;;;;53;6200;2;2;2;40;101;101;histic H 18 cm, 60 cm to groundwater, ditched
15;3002;1;30.9.2006;+64.23.00;+25.01.00;90;2;RG;ha;;;;;;;;;;;;;;;;;;;;;;;;;;;;;;;;53;6110;0;0;0;50;101;101;no
15;3010;1;30.9.2006;+64.24.00;+25.41.00;70;2;GL;hi;;dr;;;;;;;;;;hhi;-39;pgl;30;prd;30;;;;;;;;;;;;;;;53;5220;0;0;0;10;101;101;histic H 39 cm, ditched
15;3014;1;30.9.2006;+64.24.00;+26.01.00;90;2;RG;ha;;;;;;;;;;;;;;;;;;;;;;;;;;;;;;;;53;6110;0;0;0;40;101;101;no
15;3034;1;30.9.2006;+64.24.00;+28.00.00;200;4;PZ;rs;;ab;;;;;;;;;;hab;0;hsd;8;;;;;;;;;;;;;;;;;53;6200;0;0;0;50;101;101;no
15;3038;1;30.9.2006;+64.24.00;+28.20.00;230;5;PZ;cb;;ab;;;;;;;;;;hab;0;hsd;15;;;;;;;;;;;;;;;;;53;6110;2;2;2;50;101;101;no
15;3050;1;30.9.2006;+64.23.00;+29.20.00;210;5;PZ;rs;;ab;;;;;;;;;;hab;0;hsd;9;;;;;;;;;;;;;;;;;53;6200;0;0;0;60;101;101;no
15;3054;1;30.9.2006;+64.23.00;+29.40.00;210;5;RG;ha;;ab;;;;;;;;;;hab;0;;;;;;;;;;;;;;;;;;;53;6200;0;0;0;60;101;101;no
15;3058;1;30.9.2006;+64.22.00;+30.00.00;200;4;PZ;cb;;ab;;;;;;;;;;hab;0;hsd;16;;;;;;;;;;;;;;;;;53;6200;1;1;2;40;101;101;50 cm to groundwater
15;3062;1;30.9.2006;+64.31.00;+24.21.00;0;1;RG;ha;;;;;;;;;;;;;;;;;;;;;;;;;;;;;;;;53;6110;0;0;0;50;101;101;no
15;3064;1;30.9.2006;+64.32.00;+24.40.00;90;2;PZ;cb;;gl;;;;;;;;;;hsd;12;;;;;;;;;;;;;;;;;;;53;6110;1;1;2;30;101;101;40 cm to groundwater
15;3076;1;30.9.2006;+64.32.00;+25.40.00;60;2;HS;hm;;dr;;;;;;;;;;;;;;;;;;;;;;;;;;;;;;53;8100;0;0;0;60;101;101;peatland, ditched
15;3082;1;30.9.2006;+64.33.00;+26.00.00;90;2;RG;ha;;;;;;;;;;;;;;;;;;;;;;;;;;;;;;;;53;6110;0;0;0;60;101;101;no
15;3099;1;30.9.2006;+64.33.00;+27.21.00;170;4;PZ;rs;;ab;;;;;;;;;;hab;0;hsd;14;;;;;;;;;;;;;;;;;53;6200;0;0;0;50;101;101;no
15;3103;1;30.9.2006;+64.33.00;+28.01.00;160;4;PZ;cb;;ab;;;;;;;;;;hab;0;hsd;20;;;;;;;;;;;;;;;;;53;6200;2;2;2;50;101;101;no
15;3107;1;30.9.2006;+64.32.00;+28.21.00;220;5;RG;ha;;ab;;;;;;;;;;hab;0;;;;;;;;;;;;;;;;;;;53;6200;0;0;0;60;101;101;no
15;3119;1;30.9.2006;+64.32.00;+29.21.00;210;5;HS;sa;;;;;;;;;;;;;;;;;;;;;;;;;;;;;;;;53;6110;0;0;0;40;101;101;peatland
15;3128;1;30.9.2006;+64.40.00;+24.40.00;30;1;AR;ha;;;;;;;;;;;;;;;;;;;;;;;;;;;;;;;;53;6200;0;0;0;60;101;101;no
15;3138;1;30.9.2006;+64.41.00;+25.20.00;50;1;HS;sa;;dr;;;;;;;;;;;;;;;;;;;;;;;;;;;;;;53;8100;0;0;0;40;101;101;peatland, ditched
15;3140;1;30.9.2006;+64.41.00;+25.40.00;30;1;AR;ng;;hi;;dr;;;;;;;;hhi;-32;;;;;;;;;;;;;;;;;;;53;6200;0;0;0;10;101;101;histic H 32 cm, ditched
15;3145;1;30.9.2006;+64.41.00;+26.00.00;60;2;AR;ng;;hi;;dr;;;;;;;;hhi;-25;;;;;;;;;;;;;;;;;;;53;6200;0;0;0;10;101;101;histic H 25 cm, ditched
15;3152;1;30.9.2006;+64.41.00;+26.40.00;120;3;LP;ha;;;;;;;;;;;;ple;20;;;;;;;;;;;;;;;;;;;53;6110;0;0;0;20;20;20;20 cm to bedrock
15;3158;1;30.9.2006;+64.42.00;+27.01.00;150;3;PZ;cb;;ab;;;;;;;;;;hab;0;hsd;29;;;;;;;;;;;;;;;;;53;6110;0;0;0;40;101;101;no
15;3167;1;30.9.2006;+64.41.00;+28.01.00;270;6;HS;sa;;;;;;;;;;;;;;;;;;;;;;;;;;;;;;;;53;8100;0;0;2;40;101;101;peatland, groundwater
15;3175;1;30.9.2006;+64.41.00;+28.41.00;220;5;RG;ha;;sk;;;;;;;;;;hab;0;;;;;;;;;;;;;;;;;;;53;6110;0;0;0;70;101;101;no
15;3183;1;30.9.2006;+64.40.00;+29.21.00;230;5;HS;hm;;dr;;;;;;;;;;;;;;;;;;;;;;;;;;;;;;53;8100;0;0;2;30;101;101;peatland, ditched
15;3187;1;30.9.2006;+64.40.00;+29.41.00;220;5;RG;ha;;;;;;;;;;;;hab;0;;;;;;;;;;;;;;;;;;;53;6200;2;2;2;50;101;101;70 cm to groundwater
15;3198;1;30.9.2006;+64.50.00;+24.59.00;20;1;AR;ab;;;;;;;;;;;;hab;0;;;;;;;;;;;;;;;;;;;53;6200;0;0;0;40;101;101;no
15;3204;1;30.9.2006;+64.50.00;+25.40.00;20;1;AR;ng;;hi;;dr;;;;;;;;hhi;-34;;;;;;;;;;;;;;;;;;;53;6200;0;0;0;10;101;101;histic H 34 cm, ditched
15;3209;1;30.9.2006;+64.50.00;+26.00.00;30;1;RG;ha;;sk;;;;;;;;;;;;;;;;;;;;;;;;;;;;;;53;6110;0;0;0;50;101;60;60 cm to boulder
15;3216;1;30.9.2006;+64.50.00;+26.40.00;110;3;PZ;rs;;ab;;;;;;;;;;hab;0;hsd;3;;;;;;;;;;;;;;;;;53;6110;0;0;0;50;101;101;no
15;3222;1;30.9.2006;+64.50.00;+27.01.00;140;3;PZ;os;;ab;;;;;;;;;;hab;0;hsd;23;;;;;;;;;;;;;;;;;53;6200;0;0;0;40;101;101;no
15;3224;1;30.9.2006;+64.50.00;+27.21.00;160;4;GL;hi;;dr;;;;;;;;;;hhi;-20;pgl;20;prd;40;;;;;;;;;;;;;;;53;6200;0;0;0;10;101;101;histic H 20 cm, ditched
15;3228;1;30.9.2006;+64.50.00;+27.41.00;190;4;PZ;cb;;;;;;;;;;;;hsd;22;;;;;;;;;;;;;;;;;;;53;6110;0;0;0;40;101;101;no
15;3234;1;30.9.2006;+64.50.00;+28.01.00;280;6;PZ;rs;;le;;;;;;;;;;hab;0;hsd;11;ple;30;;;;;;;;;;;;;;;53;6110;0;0;0;40;40;40;40 cm to bedrock
15;3237;1;30.9.2006;+64.50.00;+28.21.00;200;4;LP;ha;;;;;;;;;;;;ple;11;;;;;;;;;;;;;;;;;;;53;6110;0;0;0;11;11;11;11 cm to bedrock
15;3240;1;30.9.2006;+64.49.00;+28.42.00;180;4;PZ;rs;;ab;;;;;;;;;;hab;0;hsd;16;;;;;;;;;;;;;;;;;53;6110;0;0;0;50;101;101;no
15;3244;1;30.9.2006;+64.49.00;+29.02.00;200;4;PZ;rs;;ab;;;;;;;;;;hab;0;hsd;9;;;;;;;;;;;;;;;;;53;6110;0;0;0;60;101;101;no
15;3249;1;30.9.2006;+64.49.00;+29.22.00;250;5;RG;ha;;ab;;;;;;;;;;hab;0;;;;;;;;;;;;;;;;;;;53;5220;0;0;0;60;101;101;no
15;3250;1;30.9.2006;+64.57.00;+24.38.00;0;1;AR;ha;;;;;;;;;;;;;;;;;;;;;;;;;;;;;;;;53;6200;0;0;0;60;101;101;no
15;3257;1;30.9.2006;+64.58.00;+25.19.00;0;1;AR;ha;;;;;;;;;;;;;;;;;;;;;;;;;;;;;;;;53;6110;0;0;0;50;101;101;no
15;3259;1;30.9.2006;+64.58.00;+25.39.00;30;1;AR;ab;;;;;;;;;;;;hab;0;;;;;;;;;;;;;;;;;;;53;6200;0;0;0;40;101;101;no
15;3263;1;30.9.2006;+64.58.00;+26.00.00;60;2;HS;fi;;dr;;;;;;;;;;;;;;;;;;;;;;;;;;;;;;53;8100;0;0;0;50;101;101;peatland, ditched
15;3267;1;30.9.2006;+64.58.00;+26.20.00;80;2;RG;ha;;;;;;;;;;;;hab;0;;;;;;;;;;;;;;;;;;;53;6110;0;0;0;60;101;101;no
15;3272;1;30.9.2006;+64.59.00;+26.40.00;110;3;RG;ha;;;;;;;;;;;;;;;;;;;;;;;;;;;;;;;;53;6110;0;0;0;60;101;101;no
15;3275;1;30.9.2006;+64.59.00;+27.01.00;120;3;HS;sa;;dr;;;;;;;;;;;;;;;;;;;;;;;;;;;;;;53;8100;0;0;0;40;101;101;peatland, ditched
15;3282;1;30.9.2006;+64.59.00;+27.21.00;140;3;PZ;cb;;hi;;dr;;;;;;;;hhi;-20;hsd;20;;;;;;;;;;;;;;;;;53;6110;2;2;2;30;101;101;histic H 20 cm, ditched
15;3283;1;30.9.2006;+64.58.00;+27.41.00;200;4;HS;fi;;dr;;;;;;;;;;;;;;;;;;;;;;;;;;;;;;53;8100;0;0;0;40;101;101;peatland, ditched
15;3288;1;30.9.2006;+64.59.00;+28.02.00;220;5;RG;ha;;;;;;;;;;;;hab;0;;;;;;;;;;;;;;;;;;;53;6110;0;0;0;50;101;101;no
15;3291;1;30.9.2006;+64.58.00;+28.22.00;220;5;RG;ha;;;;;;;;;;;;hab;0;;;;;;;;;;;;;;;;;;;53;6200;0;0;0;50;101;101;no
15;3295;1;30.9.2006;+64.58.00;+28.42.00;250;5;RG;ha;;;;;;;;;;;;hab;0;;;;;;;;;;;;;;;;;;;53;6110;0;0;0;50;101;101;no
15;3307;1;30.9.2006;+65.07.00;+25.18.00;10;1;AR;ab;;;;;;;;;;;;hab;0;hhi;-12;;;;;;;;;;;;;;;;;53;6200;0;0;0;50;101;101;no
15;3313;1;30.9.2006;+65.07.00;+25.59.00;70;2;RG;ha;;;;;;;;;;;;;;;;;;;;;;;;;;;;;;;;53;6110;0;0;0;50;101;101;no
15;3323;1;30.9.2006;+65.08.00;+26.40.00;100;2;RG;ng;;hi;;dr;;;;;;;;hhi;-22;;;;;;;;;;;;;;;;;;;53;6110;0;0;0;30;101;101;histic H 20 cm, ditched
15;3329;1;30.9.2006;+65.07.00;+27.21.00;160;4;LP;ha;;;;;;;;;;;;hab;0;ple;20;;;;;;;;;;;;;;;;;53;6110;0;0;0;20;20;20;20 cm to bedrock
15;3333;1;30.9.2006;+65.07.00;+27.41.00;220;5;RG;ha;;ab;;;;;;;;;;hab;0;;;;;;;;;;;;;;;;;;;53;6110;0;0;0;50;101;101;no
15;3337;1;30.9.2006;+65.07.00;+28.02.00;160;4;CM;ha;;hi;;dr;;;;;;;;hcm;5;hhi;-13;;;;;;;;;;;;;;;;;53;5220;0;0;0;50;101;101;histic H 13 cm, ditched
15;3341;1;30.9.2006;+65.07.00;+28.22.00;180;4;GL;hi;;;;;;;;;;;;hhi;-20;pgl;40;prd;40;;;;;;;;;;;;;;;53;5220;0;0;0;30;101;101;histic H 20 cm
15;3345;1;30.9.2006;+65.07.00;+28.43.00;270;6;PZ;cb;;;;;;;;;;;;hhi;-20;hsd;8;;;;;;;;;;;;;;;;;53;6110;0;0;0;30;101;60;histic H 20 cm, 60 cm to boulder
15;3350;1;30.9.2006;+65.06.00;+29.24.00;210;5;RG;ha;;ab;;;;;;;;;;hab;0;;;;;;;;;;;;;;;;;;;53;5220;0;0;0;70;101;101;no
15;3354;1;30.9.2006;+65.06.00;+29.44.00;260;6;RG;ha;;ab;;;;;;;;;;hab;0;;;;;;;;;;;;;;;;;;;53;6110;0;0;0;50;101;101;no
15;3365;1;30.9.2006;+65.16.00;+25.38.00;40;1;AR;ha;;;;;;;;;;;;;;;;;;;;;;;;;;;;;;;;53;6200;0;0;0;50;101;101;no
15;3367;1;30.9.2006;+65.16.00;+25.59.00;80;2;RG;ng;;dr;;;;;;;;;;hhi;-39;;;;;;;;;;;;;;;;;;;53;6110;0;0;0;10;101;101;histic H 39 cm, ditched
15;3375;1;30.9.2006;+65.16.00;+26.40.00;110;3;HS;sa;;dr;;;;;;;;;;;;;;;;;;;;;;;;;;;;;;53;8100;0;0;0;40;101;101;peatland, ditched
15;3379;1;30.9.2006;+65.16.00;+27.01.00;120;3;RG;ng;;hi;;;;;;;;;;hhi;-20;;;;;;;;;;;;;;;;;;;53;6110;0;0;0;30;101;101;histic H 20 cm
15;3387;1;30.9.2006;+65.16.00;+27.42.00;230;5;AR;ha;;;;;;;;;;;;;;;;;;;;;;;;;;;;;;;;53;6110;0;0;0;40;101;101;no
15;3391;1;30.9.2006;+65.16.00;+28.02.00;190;4;RG;ha;;;;;;;;;;;;hab;0;;;;;;;;;;;;;;;;;;;53;6110;0;0;0;40;101;101;no
15;3395;1;30.9.2006;+65.15.00;+28.23.00;250;5;RG;ha;;;;;;;;;;;;hab;0;;;;;;;;;;;;;;;;;;;53;6110;0;0;0;50;101;101;no
15;3402;1;30.9.2006;+65.16.00;+28.43.00;270;6;RG;ha;;;;;;;;;;;;hab;0;;;;;;;;;;;;;;;;;;;53;6110;0;0;0;50;101;101;no
15;3409;1;30.9.2006;+65.15.00;+29.24.00;210;5;CM;ha;;;;;;;;;;;;hcm;8;;;;;;;;;;;;;;;;;;;53;5220;0;0;0;70;101;101;no
15;3417;1;30.9.2006;+65.24.00;+25.59.00;80;2;PZ;rs;;sk;;;;;;;;;;hab;0;hsd;14;;;;;;;;;;;;;;;;;53;6110;0;0;0;50;101;101;no
15;3427;1;30.9.2006;+65.25.00;+26.40.00;120;3;RG;ha;;;;;;;;;;;;hab;0;;;;;;;;;;;;;;;;;;;53;6200;0;0;0;40;101;101;no
15;3429;1;30.9.2006;+65.24.00;+27.01.00;120;3;RG;ha;;;;;;;;;;;;hab;0;;;;;;;;;;;;;;;;;;;53;6110;0;0;0;60;101;101;no
15;3433;1;30.9.2006;+65.24.00;+27.21.00;140;3;RG;ha;;ab;;;;;;;;;;hab;0;;;;;;;;;;;;;;;;;;;53;6110;0;0;0;40;101;101;no
15;3437;1;30.9.2006;+65.24.00;+27.42.00;220;5;PZ;cb;;ab;;;;;;;;;;hab;0;hsd;11;;;;;;;;;;;;;;;;;53;6110;0;0;0;50;101;101;no
15;3445;1;30.9.2006;+65.24.00;+28.23.00;250;5;RG;ha;;ab;;;;;;;;;;hab;0;;;;;;;;;;;;;;;;;;;53;6200;0;0;0;40;101;101;no
15;3449;1;30.9.2006;+65.24.00;+28.44.00;260;6;RG;ha;;ab;;;;;;;;;;hab;0;;;;;;;;;;;;;;;;;;;53;6110;0;0;0;40;101;101;no
15;3453;1;30.9.2006;+65.24.00;+29.04.00;240;5;LP;hk;;;;;;;;;;;;hab;0;;;;;;;;;;;;;;;;;;;53;6110;0;0;0;40;101;101;no
15;3461;1;30.9.2006;+65.31.00;+29.30.00;240;5;RG;ha;;ab;;;;;;;;;;hab;0;;;;;;;;;;;;;;;;;;;53;6110;0;0;0;50;101;101;no
15;3468;1;30.9.2006;+65.33.00;+25.37.00;70;2;AR;ng;;hi;;dr;;;;;;;;hhi;-30;;;;;;;;;;;;;;;;;;;53;6200;0;0;0;10;101;101;histic H 30 cm, ditched
15;3472;1;30.9.2006;+65.33.00;+25.58.00;110;3;PZ;os;;ab;;;;;;;;;;hab;0;hsd;25;;;;;;;;;;;;;;;;;53;6110;0;0;0;70;101;101;no
15;3480;1;30.9.2006;+65.33.00;+26.40.00;130;3;PZ;rs;;ab;;;;;;;;;;hab;0;hsd;4;;;;;;;;;;;;;;;;;53;6110;0;0;0;50;101;101;no
15;3490;1;30.9.2006;+65.33.00;+27.21.00;160;4;PZ;cb;;ab;;;;;;;;;;hab;0;hsd;17;;;;;;;;;;;;;;;;;53;6110;0;0;0;50;101;101;no
15;3492;1;30.9.2006;+65.33.00;+27.42.00;300;6;RG;ha;;ab;;;;;;;;;;hab;0;;;;;;;;;;;;;;;;;;;53;6110;0;0;0;50;101;101;no
15;3497;1;30.9.2006;+65.33.00;+28.03.00;260;6;HS;hm;;dr;;;;;;;;;;;;;;;;;;;;;;;;;;;;;;53;8100;0;0;0;40;101;101;peatland, ditched
15;3501;1;30.9.2006;+65.33.00;+28.24.00;260;6;GL;hi;;sd;;dr;;;;;;;;hhi;-25;pgl;40;prd;40;;;;;;;;;;;;;;;53;5220;0;0;0;30;101;101;histic H 25 cm, ditched
15;3508;1;30.9.2006;+65.32.00;+29.05.00;250;5;RG;ha;;;;;;;;;;;;hab;0;;;;;;;;;;;;;;;;;;;53;6110;0;0;0;50;101;101;no
15;3516;1;30.9.2006;+65.41.00;+25.37.00;80;2;PZ;cb;;ab;;;;;;;;;;hab;0;hsd;30;;;;;;;;;;;;;;;;;53;6110;0;0;0;30;101;101;no
15;3523;1;30.9.2006;+65.41.00;+25.58.00;120;3;RG;ha;;sk;;;;;;;;;;hab;0;;;;;;;;;;;;;;;;;;;53;6110;0;0;0;50;101;101;no
15;3538;1;30.9.2006;+65.42.00;+27.01.00;160;4;PZ;rs;;ab;;;;;;;;;;hab;0;hsd;10;;;;;;;;;;;;;;;;;53;6110;0;0;0;40;101;101;no
15;3543;1;30.9.2006;+65.42.00;+27.21.00;150;3;AR;ab;;;;;;;;;;;;hab;0;;;;;;;;;;;;;;;;;;;53;6110;0;0;0;70;101;101;no
15;3547;1;30.9.2006;+65.42.00;+27.42.00;220;5;RG;ha;;;;;;;;;;;;hab;0;;;;;;;;;;;;;;;;;;;53;6110;0;0;0;50;101;101;no
15;3560;1;30.9.2006;+65.45.00;+29.10.00;320;7;RG;ha;;ab;;;;;;;;;;hab;0;;;;;;;;;;;;;;;;;;;53;6110;0;0;0;40;101;101;no
15;3573;1;30.9.2006;+65.57.00;+24.37.00;30;1;HS;hm;;dr;;;;;;;;;;;;;;;;;;;;;;;;;;;;;;53;8100;0;0;0;30;101;101;peatland, ditched
15;3576;1;30.9.2006;+65.58.00;+25.19.00;110;3;HS;hm;;dr;;;;;;;;;;;;;;;;;;;;;;;;;;;;;;53;8100;0;0;0;40;101;101;peatland, ditched
15;3582;1;30.9.2006;+65.58.00;+26.43.00;170;4;RG;ha;;sk;;;;;;;;;;hab;0;;;;;;;;;;;;;;;;;;;53;6110;0;0;0;50;101;101;no
15;3585;1;30.9.2006;+65.58.00;+27.26.00;230;5;HS;hm;;dr;;;;;;;;;;;;;;;;;;;;;;;;;;;;;;53;8100;0;0;0;30;101;101;peatland, ditched
15;3589;1;30.9.2006;+65.58.00;+28.50.00;310;7;PZ;cb;;ab;;;;;;;;;;hab;0;hsd;6;;;;;;;;;;;;;;;;;53;6110;0;0;0;50;101;60;60 cm to boulder
15;3594;1;30.9.2006;+66.10.00;+24.14.00;140;3;RG;ha;;sk;;;;;;;;;;hab;0;;;;;;;;;;;;;;;;;;;53;6110;0;0;0;40;101;101;no
15;3599;1;30.9.2006;+66.11.00;+24.57.00;60;2;PZ;rs;;ab;;;;;;;;;;hab;0;hsd;8;;;;;;;;;;;;;;;;;53;6200;0;0;0;50;101;101;no
15;3600;1;30.9.2006;+66.11.00;+25.39.00;110;3;RG;ha;;;;;;;;;;;;;;;;;;;;;;;;;;;;;;;;53;6110;0;0;0;50;101;101;no
15;3606;1;30.9.2006;+66.11.00;+27.05.00;180;4;PZ;os;;ab;;;;;;;;;;hab;0;hsd;31;;;;;;;;;;;;;;;;;53;6200;0;0;0;40;101;101;no
15;3612;1;30.9.2006;+66.11.00;+28.30.00;300;6;RG;ha;;ab;;;;;;;;;;hab;0;;;;;;;;;;;;;;;;;;;53;6200;0;0;0;40;101;101;no
15;3615;1;30.9.2006;+66.10.00;+29.12.00;370;8;PZ;os;;;;;;;;;;;;hsd;2;;;;;;;;;;;;;;;;;;;53;6110;0;0;0;40;101;101;no
15;3621;1;30.9.2006;+66.23.00;+24.34.00;120;3;PZ;cb;;;;;;;;;;;;hhi;-14;hsd;15;;;;;;;;;;;;;;;;;53;6110;0;0;0;40;101;101;histic H 14 cm
15;3630;1;30.9.2006;+66.24.00;+26.43.00;200;4;RG;ha;;sk;;;;;;;;;;hab;0;;;;;;;;;;;;;;;;;;;53;6110;0;0;0;40;101;60;60 cm to boulder
15;3633;1;30.9.2006;+66.24.00;+27.26.00;210;5;RG;ha;;ab;;;;;;;;;;hab;0;;;;;;;;;;;;;;;;;;;53;6110;0;0;0;30;101;101;no
15;3636;1;30.9.2006;+66.24.00;+28.09.00;250;5;PZ;cb;;;;;;;;;;;;hsd;8;;;;;;;;;;;;;;;;;;;53;6200;0;0;0;60;101;101;no
15;3639;1;30.9.2006;+66.24.00;+28.52.00;250;5;AR;ab;;;;;;;;;;;;hab;0;;;;;;;;;;;;;;;;;;;53;6200;0;0;0;50;101;101;no
15;3646;1;30.9.2006;+66.36.00;+24.11.00;130;3;PZ;cb;;;;;;;;;;;;hhi;-12;hsd;44;;;;;;;;;;;;;;;;;53;6110;0;0;0;30;101;101;no
15;3649;1;30.9.2006;+66.37.00;+24.55.00;130;3;PZ;cb;;ab;;;;;;;;;;hab;0;hsd;10;;;;;;;;;;;;;;;;;53;6110;0;0;0;40;101;101;no
15;3654;1;30.9.2006;+66.37.00;+26.21.00;190;4;RG;ha;;sk;;dr;;;;;;;;hhi;-19;;;;;;;;;;;;;;;;;;;53;6110;0;0;0;40;101;44;45 cm to boulder, ditched
15;3657;1;30.9.2006;+66.37.00;+27.05.00;240;5;AR;ha;;;;;;;;;;;;hab;0;;;;;;;;;;;;;;;;;;;53;6110;0;0;0;40;101;101;no
15;3660;1;30.9.2006;+66.37.00;+27.48.00;170;4;RG;ha;;;;;;;;;;;;;;;;;;;;;;;;;;;;;;;;53;6200;0;0;0;30;101;101;no
15;3671;1;30.9.2006;+66.50.00;+24.32.00;130;3;RG;ha;;;;;;;;;;;;;;;;;;;;;;;;;;;;;;;;53;6110;0;0;0;50;101;101;no
15;3672;1;30.9.2006;+66.49.00;+25.15.00;110;3;PZ;rs;;;;;;;;;;;;hsd;2;;;;;;;;;;;;;;;;;;;53;6200;0;0;0;40;101;101;no
15;3675;1;30.9.2006;+66.50.00;+25.59.00;270;6;PZ;rs;;ab;;;;;;;;;;hab;0;hsd;4;;;;;;;;;;;;;;;;;53;6110;0;0;0;30;101;60;60 cm to boulder
15;3678;1;30.9.2006;+66.50.00;+26.43.00;210;5;PZ;rs;;ab;;;;;;;;;;hab;0;hsd;3;;;;;;;;;;;;;;;;;53;6110;0;0;0;60;101;101;no
15;3683;1;30.9.2006;+66.51.00;+27.27.00;150;3;PZ;cb;;;;;;;;;;;;hsd;8;;;;;;;;;;;;;;;;;;;53;6110;0;0;0;40;101;101;no
15;3684;1;30.9.2006;+66.50.00;+28.10.00;200;4;AR;ab;;;;;;;;;;;;hab;0;;;;;;;;;;;;;;;;;;;53;6200;0;0;0;40;101;101;no
15;3690;1;30.9.2006;+67.01.00;+24.08.00;200;4;RG;ha;;ab;;;;;;;;;;hab;0;;;;;;;;;;;;;;;;;;;53;6200;0;0;0;50;101;101;no
15;3693;1;30.9.2006;+67.02.00;+24.52.00;210;5;PZ;rs;;;;;;;;;;;;hsd;2;;;;;;;;;;;;;;;;;;;53;6110;0;0;0;50;101;101;no
15;3696;1;30.9.2006;+67.03.00;+25.36.00;220;5;PZ;rs;;ab;;;;;;;;;;hab;0;hsd;9;;;;;;;;;;;;;;;;;53;6110;0;0;0;50;101;101;no
15;3701;1;30.9.2006;+67.04.00;+26.21.00;210;5;RG;ha;;ab;;;;;;;;;;hab;0;;;;;;;;;;;;;;;;;;;53;6110;0;0;0;40;101;70;70 cm to boulder
15;3708;1;30.9.2006;+67.02.00;+28.33.00;210;5;PZ;rs;;ab;;;;;;;;;;hab;0;hsd;5;;;;;;;;;;;;;;;;;53;6200;0;0;0;50;101;101;no
15;3714;1;30.9.2006;+67.15.00;+24.29.00;270;6;PZ;rs;;ab;;;;;;;;;;hab;0;hsd;4;;;;;;;;;;;;;;;;;53;6110;0;0;0;50;101;101;no
15;3718;1;30.9.2006;+67.16.00;+25.14.00;190;4;PZ;rs;;ab;;;;;;;;;;hab;0;hsd;8;;;;;;;;;;;;;;;;;53;6110;0;0;0;50;101;101;no
15;3723;1;30.9.2006;+67.16.00;+26.43.00;180;4;AR;ab;;;;;;;;;;;;hab;0;;;;;;;;;;;;;;;;;;;53;6200;0;0;0;50;101;101;no
15;3732;1;30.9.2006;+67.15.00;+28.56.00;300;6;LP;hk;;;;;;;;;;;;;;;;;;;;;;;;;;;;;;;;53;6200;0;0;0;25;24;24;25 cm to bedrock
15;3738;1;30.9.2006;+67.28.00;+24.50.00;200;4;RG;ha;;;;;;;;;;;;hab;0;;;;;;;;;;;;;;;;;;;53;6110;0;0;0;50;101;101;no
15;3743;1;30.9.2006;+67.29.00;+25.35.00;200;4;HS;sa;;;;;;;;;;;;;;;;;;;;;;;;;;;;;;;;53;8100;1;1;2;30;101;101;peatland, 10 cm to groundwater
15;3744;1;30.9.2006;+67.29.00;+26.20.00;230;5;RG;ha;;;;;;;;;;;;;;;;;;;;;;;;;;;;;;;;53;5220;0;0;0;40;101;101;no
15;3747;1;30.9.2006;+67.29.00;+27.05.00;220;5;RG;ha;;;;;;;;;;;;;;;;;;;;;;;;;;;;;;;;53;6200;0;0;0;40;101;101;no
15;3754;1;30.9.2006;+67.29.00;+28.35.00;200;4;PZ;rs;;ab;;;;;;;;;;hab;0;hsd;6;;;;;;;;;;;;;;;;;53;6110;0;0;0;60;101;101;no
15;3759;1;30.9.2006;+67.40.00;+23.41.00;250;5;RG;ha;;;;;;;;;;;;;;;;;;;;;;;;;;;;;;;;53;6110;0;0;0;40;101;101;no
15;3766;1;30.9.2006;+67.41.00;+25.12.00;200;4;RG;ha;;ab;;;;;;;;;;hab;0;;;;;;;;;;;;;;;;;;;53;6110;0;0;0;40;101;101;no
15;3772;1;30.9.2006;+67.42.00;+26.42.00;220;5;PZ;rs;;ab;;;;;;;;;;hab;0;hsd;5;;;;;;;;;;;;;;;;;53;6110;0;0;0;40;101;101;no
15;3774;1;30.9.2006;+67.42.00;+27.28.00;240;5;PZ;cb;;gl;;;;;;;;;;hsd;4;;;;;;;;;;;;;;;;;;;53;6110;2;2;2;40;101;101;no
15;3777;1;30.9.2006;+67.41.00;+28.13.00;260;6;RG;ha;;sk;;;;;;;;;;;;;;;;;;;;;;;;;;;;;;53;6110;0;0;0;50;101;60;60 cm to bolder
15;3782;1;30.9.2006;+67.42.00;+28.58.00;280;6;LP;ha;;;;;;;;;;;;ple;20;;;;;;;;;;;;;;;;;;;53;6110;0;0;0;20;20;20;20 cm to bedrock
15;3787;1;30.9.2006;+67.53.00;+24.02.00;270;6;RG;ha;;sk;;;;;;;;;;hab;0;;;;;;;;;;;;;;;;;;;53;6110;0;0;0;40;101;101;no
15;3794;1;30.9.2006;+67.55.00;+25.33.00;240;5;RG;ha;;;;;;;;;;;;;;;;;;;;;;;;;;;;;;;;53;6110;0;0;0;40;101;60;60 to bolder
15;3798;1;30.9.2006;+67.55.00;+27.05.00;300;6;PZ;cb;;;;;;;;;;;;hsd;2;;;;;;;;;;;;;;;;;;;53;6110;1;1;2;10;101;101;30 cm to groundwater
15;3801;1;30.9.2006;+67.54.00;+27.51.00;290;6;AR;ab;;;;;;;;;;;;hab;0;;;;;;;;;;;;;;;;;;;53;6110;2;2;2;60;101;101;70 cm to groundwater
15;3810;1;30.9.2006;+68.05.00;+23.38.00;260;6;RG;ha;;;;;;;;;;;;;;;;;;;;;;;;;;;;;;;;53;6200;0;0;0;30;101;101;no
15;3816;1;30.9.2006;+68.07.00;+25.10.00;260;6;AR;ha;;;;;;;;;;;;;;;;;;;;;;;;;;;;;;;;53;6110;2;2;2;30;101;101;70 cm to groundwater
15;3819;1;30.9.2006;+68.07.00;+25.56.00;260;6;RG;ha;;sk;;;;;;;;;;;;;;;;;;;;;;;;;;;;;;53;6110;0;0;0;50;101;101;no
15;3825;1;30.9.2006;+68.07.00;+27.28.00;290;6;PZ;rs;;;;;;;;;;;;hsd;3;;;;;;;;;;;;;;;;;;;53;6110;0;0;0;40;101;60;60 cm to boulder
15;3836;1;30.9.2006;+68.18.00;+23.12.00;290;6;RG;ha;;;;;;;;;;;;hab;0;;;;;;;;;;;;;;;;;;;53;6110;0;0;0;30;101;101;no
15;3837;1;30.9.2006;+68.19.00;+23.59.00;290;6;AR;ab;;;;;;;;;;;;hab;0;;;;;;;;;;;;;;;;;;;53;6200;0;0;0;40;101;101;no
15;3845;1;30.9.2006;+68.21.00;+25.32.00;280;6;RG;ha;;;;;;;;;;;;;;;;;;;;;;;;;;;;;;;;53;6200;2;2;2;50;101;101;80 cm to groundwater
15;3849;1;30.9.2006;+68.20.00;+27.05.00;280;6;PZ;rs;;;;;;;;;;;;hsd;5;;;;;;;;;;;;;;;;;;;53;6110;0;0;0;40;101;101;no
15;3873;1;30.9.2006;+68.33.00;+27.29.00;200;4;PZ;rs;;;;;;;;;;;;hsd;2;;;;;;;;;;;;;;;;;;;53;6110;0;0;0;50;101;101;no
15;3877;1;30.9.2006;+68.33.00;+28.16.00;300;6;RG;ha;;;;;;;;;;;;;;;;;;;;;;;;;;;;;;;;53;6110;0;0;0;40;101;60;60 cm to boulder
15;3881;1;30.9.2006;+68.42.00;+21.33.00;470;10;RG;ha;;;;;;;;;;;;;;;;;;;;;;;;;;;;;;;;53;6110;0;0;0;40;101;60;60 cm to boulder
15;3891;1;30.9.2006;+68.46.00;+26.18.00;240;5;RG;ha;;;;;;;;;;;;;;;;;;;;;;;;;;;;;;;;53;6110;0;0;0;40;101;101;no
15;3894;1;30.9.2006;+68.46.00;+27.06.00;180;4;PZ;cb;;le;;;;;;;;;;hsd;2;ple;50;;;;;;;;;;;;;;;;;53;6110;0;0;0;40;50;50;50 cm to bedrock
15;3903;1;30.9.2006;+68.53.00;+21.07.00;470;10;RG;ng;;;;;;;;;;;;;;;;;;;;;;;;;;;;;;;;53;6110;1;1;2;40;101;101;50 cm to groundwater
15;3912;1;30.9.2006;+68.59.00;+26.41.00;200;4;PZ;rs;;;;;;;;;;;;hsd;2;;;;;;;;;;;;;;;;;;;53;6110;0;0;0;40;101;60;60 cm to boulder
15;3917;1;30.9.2006;+68.59.00;+28.17.00;160;4;RG;ha;;sk;;;;;;;;;;;;;;;;;;;;;;;;;;;;;;53;6110;0;0;0;40;101;101;no
15;3932;1;30.9.2006;+69.12.00;+27.54.00;140;3;PZ;rs;;;;;;;;;;;;hsd;2;;;;;;;;;;;;;;;;;;;53;6110;0;0;0;50;101;101;no
15;3938;1;30.9.2006;+69.25.00;+25.52.00;340;7;RG;ha;;;;;;;;;;;;hab;0;;;;;;;;;;;;;;;;;;;53;6110;0;0;0;40;101;60;60 cm to boulder
15;3955;1;30.9.2006;+69.38.00;+27.05.00;170;4;RG;ha;;sk;;;;;;;;;;;;;;;;;;;;;;;;;;;;;;53;6110;0;0;0;40;101;101;no
